home_team_goals_difference,away_team_goals_difference,games_won_home_team,games_won_away_team,games_against_won,games_against_lost,League_21518,League_24558,home_player_1_overall_rating,home_player_2_overall_rating,home_player_3_overall_rating,home_player_4_overall_rating,home_player_5_overall_rating,home_player_6_overall_rating,home_player_7_overall_rating,home_player_8_overall_rating,home_player_9_overall_rating,home_player_10_overall_rating,home_player_11_overall_rating,away_player_1_overall_rating,away_player_2_overall_rating,away_player_3_overall_rating,away_player_4_overall_rating,away_player_5_overall_rating,away_player_6_overall_rating,away_player_7_overall_rating,away_player_8_overall_rating,away_player_9_overall_rating,away_player_10_overall_rating,away_player_11_overall_rating,B365_Win,B365_Draw,B365_Lose,BW_Win,BW_Draw,BW_Lose,label
-5,-8,2,1,0,0,1,0,77.0,69.0,74.0,73.0,74.0,74.0,76.0,77.0,76.0,74.0,74.0,70.0,77.0,70.0,75.0,75.0,80.0,78.0,72.0,71.0,73.0,73.0,0.3956834532374101,0.2877697841726619,0.31654676258992803,0.3897043622079801,0.28778168286127764,0.3225139549307422,Draw
4,-2,4,1,0,0,1,0,76.0,79.0,73.0,80.0,77.0,77.0,79.0,81.0,78.0,77.0,79.0,71.0,72.0,73.0,70.0,75.0,72.0,71.0,74.0,76.0,71.0,72.0,0.6245817532902074,0.23890252063350434,0.13651572607628817,0.6127132076364411,0.25336519126587964,0.13392160109767925,Draw
18,7,6,6,0,0,1,0,81.0,81.0,82.0,87.0,83.0,87.0,87.0,87.0,87.0,86.0,93.0,83.0,84.0,85.0,83.0,84.0,84.0,86.0,88.0,78.0,90.0,88.0,0.39069767441860465,0.2604651162790697,0.34883720930232553,0.38049560351718625,0.2797761790567546,0.33972821742605913,Lose
1,1,2,3,0,0,1,0,79.0,65.0,76.0,80.0,71.0,79.0,77.0,76.0,77.0,79.0,77.0,75.0,77.0,79.0,77.0,81.0,79.0,82.0,79.0,81.0,81.0,79.0,0.3608748481166464,0.28760631834750905,0.3515188335358444,0.3548387096774194,0.2903225806451613,0.3548387096774194,Win
1,1,3,1,0,0,1,0,74.0,73.0,82.0,81.0,80.0,82.0,80.0,80.0,81.0,80.0,75.0,75.0,73.0,72.0,71.0,69.0,69.0,71.0,69.0,67.0,76.0,76.0,0.6515264333581534,0.22338049143708116,0.12509307520476545,0.6348547717842324,0.22406639004149378,0.14107883817427386,Draw
3,6,3,4,0,0,1,0,76.0,74.0,75.0,77.0,75.0,75.0,72.0,76.0,74.0,78.0,74.0,76.0,78.0,73.0,77.0,76.0,79.0,77.0,77.0,80.0,78.0,82.0,0.288135593220339,0.2796610169491525,0.43220338983050843,0.3014616321559074,0.28319123020706455,0.41534713763702796,Win
-3,-12,2,1,0,0,1,0,76.0,76.0,74.0,76.0,72.0,73.0,71.0,66.0,77.0,76.0,72.0,75.0,72.0,75.0,75.0,75.0,72.0,74.0,75.0,77.0,76.0,73.0,0.4317656129529684,0.2968388589051658,0.27139552814186585,0.4247787610619469,0.2920353982300885,0.2831858407079646,Lose
-4,8,3,5,0,0,1,0,77.0,73.0,72.0,76.0,71.0,76.0,75.0,79.0,75.0,74.0,79.0,81.0,79.0,85.0,81.0,82.0,83.0,80.0,81.0,78.0,79.0,83.0,0.17419230874804426,0.2521204468721693,0.5736872443797865,0.1809859255351006,0.2500463444892837,0.5689677299756157,Lose
-9,-2,3,2,0,0,1,0,70.0,76.0,75.0,76.0,71.0,76.0,77.0,74.0,75.0,73.0,78.0,79.0,75.0,76.0,78.0,76.0,75.0,66.0,73.0,78.0,72.0,75.0,0.39616613418530355,0.2971246006389776,0.30670926517571884,0.3884711779448622,0.3007518796992481,0.3107769423558897,Win
-7,2,0,3,0,0,1,0,77.0,76.0,74.0,74.0,73.0,75.0,76.0,73.0,70.0,74.0,62.0,79.0,80.0,77.0,83.0,79.0,80.0,80.0,75.0,81.0,78.0,82.0,0.25496688741721857,0.2897350993377484,0.4552980132450331,0.2671232876712329,0.28767123287671237,0.4452054794520548,Win
-5,4,2,4,0,0,1,0,77.0,76.0,73.0,75.0,74.0,77.0,76.0,74.0,74.0,71.0,74.0,76.0,79.0,75.0,80.0,64.0,79.0,78.0,70.0,78.0,77.0,78.0,0.31654676258992803,0.2877697841726619,0.3956834532374101,0.32774674115456237,0.28305400372439476,0.38919925512104286,Win
-2,14,1,6,0,0,1,0,71.0,73.0,73.0,72.0,70.0,71.0,74.0,76.0,73.0,74.0,71.0,81.0,81.0,84.0,75.0,81.0,87.0,87.0,78.0,87.0,93.0,87.0,0.12727272727272726,0.19090909090909092,0.6818181818181818,0.13199426111908177,0.20803443328550936,0.659971305595409,Lose
11,3,7,3,0,0,1,0,83.0,84.0,85.0,83.0,83.0,84.0,86.0,88.0,94.0,90.0,89.0,79.0,65.0,76.0,80.0,71.0,77.0,77.0,77.0,79.0,82.0,77.0,0.8858734297226831,0.07291419767717469,0.04121237260014221,0.8840525925140494,0.08302406955784117,0.03292333792810943,Win
-1,1,3,3,0,0,1,0,75.0,77.0,74.0,79.0,73.0,79.0,82.0,81.0,81.0,82.0,80.0,78.0,73.0,80.0,81.0,80.0,80.0,82.0,77.0,79.0,80.0,75.0,0.5429892624813857,0.23755780233560622,0.21945293518300807,0.5292717447246527,0.2507076685537828,0.22002058672156458,Win
1,5,1,4,0,0,1,0,75.0,73.0,72.0,71.0,69.0,71.0,69.0,67.0,76.0,69.0,76.0,76.0,74.0,75.0,77.0,75.0,75.0,72.0,76.0,74.0,74.0,78.0,0.41395531164249316,0.2885143081144649,0.2975303802430419,0.3974358974358974,0.30128205128205127,0.30128205128205127,Lose
4,-6,4,2,0,0,1,0,76.0,78.0,77.0,73.0,71.0,79.0,71.0,80.0,77.0,82.0,74.0,76.0,76.0,74.0,76.0,73.0,71.0,73.0,77.0,76.0,69.0,72.0,0.6818181818181818,0.19090909090909092,0.12727272727272726,0.6690140845070423,0.19718309859154928,0.13380281690140844,Win
-9,-5,2,3,0,0,1,0,75.0,72.0,75.0,75.0,75.0,76.0,75.0,75.0,77.0,76.0,74.0,77.0,73.0,76.0,72.0,71.0,75.0,71.0,79.0,74.0,74.0,79.0,0.4652011310772599,0.2804889172671714,0.25430995165556874,0.43398484244116475,0.29158356601515756,0.2744315915436777,Lose
9,-7,6,4,0,0,1,0,81.0,81.0,79.0,85.0,82.0,79.0,76.0,81.0,83.0,79.0,83.0,70.0,76.0,75.0,71.0,76.0,73.0,77.0,74.0,75.0,73.0,78.0,0.7784120394395433,0.15827711468604044,0.06331084587441618,0.7612985359643539,0.16549968173138127,0.0732017823042648,Win
-4,-5,2,1,0,0,1,0,79.0,75.0,76.0,78.0,74.0,76.0,75.0,73.0,78.0,72.0,75.0,77.0,76.0,74.0,74.0,73.0,75.0,63.0,73.0,74.0,70.0,62.0,0.5198860435545397,0.2798210175602376,0.20029293888522268,0.5052005943536404,0.274888558692422,0.21991084695393762,Draw
-8,0,1,3,0,0,1,0,70.0,77.0,70.0,76.0,75.0,80.0,78.0,76.0,72.0,73.0,74.0,79.0,70.0,77.0,83.0,79.0,81.0,80.0,80.0,81.0,75.0,82.0,0.3067869752844252,0.27971753628874063,0.41349548842683403,0.32114989733059546,0.2739219712525667,0.40492813141683776,Lose
2,-11,4,1,0,0,1,0,76.0,77.0,75.0,80.0,64.0,78.0,78.0,81.0,78.0,79.0,77.0,72.0,56.0,70.0,76.0,77.0,72.0,78.0,76.0,75.0,72.0,74.0,0.6043404859191113,0.24968804286658017,0.14597147121430842,0.5931229795078682,0.2516765075209062,0.1552005129712255,Win
16,-3,7,3,0,0,1,0,81.0,76.0,84.0,75.0,81.0,87.0,87.0,87.0,87.0,86.0,93.0,77.0,76.0,73.0,75.0,74.0,76.0,67.0,76.0,77.0,74.0,74.0,0.8677685950413222,0.08677685950413223,0.04545454545454545,0.8551239929789819,0.094918763220667,0.049957243800351055,Win
-1,-4,3,1,0,0,1,0,79.0,65.0,76.0,80.0,71.0,77.0,79.0,82.0,77.0,79.0,77.0,71.0,73.0,72.0,73.0,70.0,72.0,74.0,73.0,76.0,71.0,72.0,0.5155482815057284,0.27250409165302786,0.2119476268412439,0.49199304051414977,0.29212086780527646,0.2158860916805738,Win
0,15,3,8,0,0,1,0,74.0,76.0,80.0,81.0,80.0,82.0,77.0,79.0,75.0,77.0,80.0,83.0,84.0,85.0,83.0,84.0,84.0,86.0,88.0,94.0,90.0,89.0,0.10612244897959185,0.15918367346938778,0.7346938775510204,0.09514304723885564,0.17298735861610115,0.7318695941450433,Draw
7,0,5,4,0,0,1,0,76.0,74.0,75.0,77.0,75.0,75.0,72.0,76.0,74.0,73.0,78.0,75.0,77.0,79.0,74.0,73.0,79.0,82.0,81.0,79.0,82.0,79.0,0.31654676258992803,0.2877697841726619,0.3956834532374101,0.31924882629107976,0.28169014084507044,0.39906103286384975,Draw
-7,-1,2,1,0,0,1,0,76.0,74.0,71.0,76.0,73.0,71.0,73.0,76.0,69.0,77.0,72.0,75.0,73.0,72.0,72.0,69.0,69.0,71.0,74.0,76.0,67.0,76.0,0.41585886002326483,0.28984102365257847,0.29430011632415665,0.40639082343301924,0.29209340434248254,0.3015157722244981,Win
-4,5,4,5,0,0,1,0,70.0,73.0,72.0,76.0,71.0,75.0,71.0,79.0,74.0,74.0,79.0,76.0,76.0,78.0,77.0,71.0,77.0,79.0,71.0,80.0,82.0,78.0,0.28754298815437523,0.2711119602598395,0.44134505158578524,0.2920353982300885,0.2831858407079646,0.4247787610619469,Draw
-8,-10,4,2,0,0,1,0,70.0,76.0,76.0,75.0,71.0,77.0,76.0,74.0,75.0,73.0,78.0,75.0,72.0,75.0,75.0,75.0,75.0,77.0,75.0,72.0,74.0,76.0,0.4767025089605735,0.27240143369175623,0.25089605734767023,0.46539379474940334,0.2863961813842482,0.24821002386634847,Draw
-5,10,1,7,0,0,1,0,77.0,71.0,74.0,74.0,73.0,73.0,75.0,76.0,70.0,62.0,75.0,81.0,81.0,79.0,85.0,82.0,78.0,80.0,76.0,83.0,83.0,79.0,0.1365138252854907,0.25482580719958264,0.6086603675149267,0.14224483395476878,0.24619298184479216,0.6115621842004391,Lose
3,-4,4,2,0,0,1,0,79.0,80.0,77.0,79.0,79.0,80.0,80.0,76.0,81.0,78.0,82.0,79.0,75.0,74.0,73.0,76.0,72.0,78.0,76.0,70.0,73.0,75.0,0.6543619089837492,0.21912812194605918,0.12650996907019152,0.6263219741480611,0.22914218566392483,0.1445358401880141,Draw
3,14,5,7,0,0,1,0,76.0,81.0,75.0,80.0,77.0,78.0,79.0,81.0,78.0,79.0,77.0,81.0,81.0,84.0,87.0,83.0,87.0,93.0,87.0,77.0,87.0,86.0,0.19154228855721392,0.2280265339966832,0.5804311774461027,0.21628498727735368,0.22391857506361323,0.5597964376590331,Win
-6,0,3,4,0,0,1,0,77.0,76.0,73.0,75.0,74.0,77.0,76.0,74.0,74.0,71.0,74.0,79.0,69.0,75.0,80.0,78.0,79.0,77.0,82.0,79.0,76.0,77.0,0.3324808184143222,0.29923273657289,0.3682864450127877,0.34010564811052413,0.30719219829337663,0.3527021535960991,Draw
-5,0,1,3,0,0,1,0,71.0,74.0,73.0,70.0,72.0,72.0,74.0,76.0,71.0,72.0,71.0,74.0,76.0,82.0,81.0,77.0,80.0,73.0,80.0,77.0,77.0,80.0,0.3872529245663574,0.2964905203711174,0.3162565550625252,0.3741701870850936,0.30778515389257693,0.3180446590223295,Draw
14,7,7,5,0,0,1,0,83.0,84.0,85.0,83.0,84.0,84.0,86.0,88.0,94.0,90.0,72.0,76.0,74.0,75.0,77.0,75.0,74.0,72.0,75.0,74.0,78.0,74.0,0.8901061280383429,0.0732625813077713,0.03663129065388565,0.8837525492861998,0.07953772943575799,0.03670972127804215,Draw
3,-5,4,3,0,0,1,0,76.0,77.0,79.0,74.0,73.0,79.0,82.0,79.0,81.0,81.0,80.0,76.0,74.0,71.0,76.0,73.0,71.0,73.0,77.0,69.0,76.0,69.0,0.6983240223463686,0.18994413407821228,0.11173184357541899,0.7005604483586869,0.19055244195356286,0.10888710968775019,Win
-3,1,1,4,0,0,1,0,75.0,73.0,71.0,72.0,69.0,71.0,69.0,69.0,67.0,76.0,76.0,77.0,73.0,76.0,73.0,76.0,79.0,71.0,74.0,75.0,75.0,79.0,0.44134505158578524,0.28754298815437523,0.2711119602598395,0.43421052631578944,0.28289473684210525,0.28289473684210525,Win
-10,-7,2,1,0,0,1,0,75.0,72.0,75.0,75.0,75.0,72.0,75.0,75.0,77.0,76.0,74.0,77.0,71.0,74.0,74.0,73.0,73.0,75.0,76.0,70.0,62.0,73.0,0.4540461369461735,0.3075796411570853,0.23837422189674112,0.4454368932038835,0.301747572815534,0.2528155339805825,Lose
9,5,7,4,0,0,1,0,81.0,81.0,79.0,85.0,82.0,80.0,76.0,83.0,84.0,79.0,78.0,79.0,76.0,77.0,83.0,79.0,80.0,81.0,80.0,81.0,76.0,82.0,0.6086603675149267,0.25482580719958264,0.1365138252854907,0.5892620527978799,0.2580012231169096,0.1527367240852105,Win
-12,-3,1,2,0,0,1,0,72.0,77.0,70.0,76.0,75.0,80.0,72.0,77.0,76.0,72.0,74.0,79.0,75.0,74.0,78.0,74.0,73.0,70.0,73.0,72.0,78.0,72.0,0.41401273885350315,0.2929936305732484,0.2929936305732484,0.40822528363047,0.28889789303079416,0.3028768233387358,Lose
7,-13,6,1,0,0,1,0,81.0,81.0,84.0,87.0,83.0,87.0,87.0,87.0,87.0,86.0,93.0,72.0,77.0,76.0,76.0,75.0,80.0,78.0,77.0,72.0,76.0,74.0,0.8677685950413222,0.08677685950413223,0.04545454545454545,0.874089490114464,0.0801248699271592,0.04578563995837669,Win
1,2,4,5,0,0,1,0,79.0,70.0,75.0,80.0,71.0,79.0,77.0,81.0,79.0,76.0,77.0,76.0,76.0,81.0,80.0,77.0,78.0,78.0,81.0,78.0,77.0,79.0,0.39616613418530355,0.2971246006389776,0.30670926517571884,0.3815583602795452,0.30155418796286637,0.3168874517575884,Lose
-1,-6,2,3,0,0,1,0,74.0,76.0,82.0,81.0,80.0,80.0,82.0,77.0,73.0,80.0,80.0,77.0,76.0,73.0,75.0,74.0,74.0,76.0,77.0,76.0,74.0,71.0,0.5717651950932151,0.2546261002148451,0.17360870469193984,0.5736872443797865,0.2521204468721693,0.17419230874804426,Draw
5,-7,4,0,0,0,1,0,76.0,74.0,75.0,77.0,75.0,75.0,72.0,76.0,74.0,73.0,78.0,71.0,73.0,72.0,73.0,73.0,72.0,71.0,74.0,76.0,72.0,71.0,0.47482014388489213,0.2877697841726619,0.23741007194244607,0.4658527279664251,0.28233498664631823,0.25181228538725675,Win
-13,23,2,7,0,0,1,0,76.0,76.0,67.0,71.0,72.0,71.0,73.0,70.0,77.0,68.0,69.0,83.0,79.0,85.0,82.0,79.0,85.0,86.0,83.0,94.0,90.0,90.0,0.04989604989604989,0.1185031185031185,0.8316008316008316,0.06905569007263922,0.12029055690072638,0.8106537530266344,Lose
-1,5,3,5,0,0,1,0,77.0,72.0,72.0,76.0,76.0,71.0,75.0,74.0,74.0,79.0,79.0,76.0,77.0,79.0,74.0,81.0,82.0,79.0,81.0,81.0,82.0,79.0,0.25339366515837103,0.27149321266968324,0.4751131221719457,0.2553191489361702,0.26595744680851063,0.4787234042553191,Draw
-8,-2,4,2,0,0,1,0,70.0,76.0,76.0,75.0,70.0,76.0,77.0,74.0,75.0,75.0,78.0,75.0,73.0,72.0,71.0,69.0,69.0,71.0,72.0,67.0,69.0,76.0,0.4652011310772599,0.2804889172671714,0.25430995165556874,0.4569015166058744,0.2754847379535419,0.26761374544058353,Win
-4,5,2,5,0,0,1,0,77.0,71.0,74.0,74.0,73.0,76.0,75.0,73.0,74.0,70.0,65.0,68.0,78.0,71.0,76.0,77.0,79.0,77.0,69.0,80.0,71.0,78.0,0.29753038024304196,0.28851430811446493,0.4139553116424932,0.31119311193111926,0.2829028290282903,0.40590405904059046,Lose
2,-11,3,2,0,0,1,0,79.0,80.0,77.0,83.0,79.0,80.0,80.0,76.0,81.0,78.0,82.0,73.0,72.0,75.0,75.0,75.0,75.0,75.0,72.0,71.0,76.0,74.0,0.6818181818181818,0.2121212121212121,0.10606060606060605,0.6676557863501484,0.20771513353115725,0.12462908011869436,Win
-2,11,3,8,0,0,1,0,79.0,75.0,78.0,74.0,74.0,80.0,76.0,72.0,78.0,72.0,75.0,81.0,81.0,79.0,85.0,82.0,83.0,80.0,76.0,84.0,79.0,78.0,0.18181818181818185,0.27272727272727276,0.5454545454545455,0.19207317073170732,0.274390243902439,0.5335365853658537,Win
14,0,6,4,0,0,1,0,81.0,81.0,84.0,75.0,83.0,87.0,87.0,87.0,87.0,86.0,93.0,79.0,78.0,70.0,80.0,71.0,77.0,79.0,76.0,79.0,77.0,79.0,0.8562415502478594,0.09418657052726455,0.049571879224876075,0.8475446887199507,0.09492500513663449,0.05753030614341484,Win
2,-1,5,2,0,0,1,0,76.0,79.0,81.0,80.0,66.0,79.0,81.0,79.0,78.0,78.0,80.0,74.0,76.0,76.0,80.0,81.0,73.0,77.0,82.0,80.0,80.0,81.0,0.5223880597014926,0.26865671641791045,0.208955223880597,0.5030540935415162,0.2820151736520622,0.2149307328064215,Win
-4,8,3,5,0,0,1,0,77.0,76.0,73.0,73.0,74.0,74.0,76.0,77.0,76.0,74.0,74.0,76.0,74.0,75.0,77.0,75.0,72.0,76.0,74.0,73.0,75.0,78.0,0.3774574049803408,0.2948885976408912,0.327653997378768,0.3670872875169465,0.2925226822400667,0.34039003024298675,Draw
13,-1,6,3,0,0,1,0,83.0,84.0,83.0,80.0,83.0,84.0,86.0,78.0,94.0,90.0,89.0,77.0,72.0,72.0,76.0,76.0,74.0,71.0,75.0,74.0,73.0,79.0,0.8910212474297463,0.0726525017135024,0.0363262508567512,0.879404710657401,0.08474263575425865,0.0358526535883402,Win
6,-1,5,5,0,0,1,0,76.0,77.0,79.0,74.0,81.0,71.0,81.0,81.0,81.0,82.0,79.0,70.0,76.0,76.0,75.0,70.0,76.0,77.0,74.0,75.0,75.0,78.0,0.6690140845070423,0.19718309859154928,0.13380281690140844,0.6725595695618755,0.19100691775557263,0.13643351268255186,Win
-3,-5,2,2,0,0,1,0,75.0,74.0,71.0,72.0,69.0,67.0,73.0,77.0,69.0,74.0,71.0,77.0,71.0,74.0,74.0,73.0,76.0,75.0,73.0,74.0,73.0,65.0,0.4674220963172805,0.28328611898017003,0.2492917847025496,0.4436536180308422,0.2823250296559905,0.27402135231316727,Win
4,6,5,4,0,0,1,0,76.0,78.0,77.0,73.0,76.0,77.0,79.0,80.0,77.0,71.0,78.0,79.0,80.0,77.0,83.0,79.0,80.0,80.0,76.0,81.0,73.0,82.0,0.39340623201512787,0.28372934308969827,0.3228644248951739,0.3739565943238731,0.2921535893155259,0.333889816360601,Lose
-10,0,2,4,0,0,1,0,73.0,72.0,75.0,73.0,71.0,72.0,75.0,75.0,76.0,71.0,74.0,79.0,75.0,78.0,74.0,72.0,78.0,76.0,80.0,70.0,75.0,72.0,0.34285714285714286,0.3142857142857143,0.34285714285714286,0.3463687150837989,0.30726256983240224,0.3463687150837989,Lose
-18,8,1,7,0,0,1,0,72.0,56.0,70.0,76.0,75.0,77.0,80.0,72.0,76.0,76.0,74.0,81.0,81.0,79.0,85.0,79.0,83.0,76.0,79.0,84.0,79.0,78.0,0.14370103067302703,0.24580439457228306,0.6104945747546899,0.1466587817859255,0.23832052040212892,0.6150206978119456,Lose
-18,-5,1,3,0,0,1,0,72.0,77.0,76.0,70.0,56.0,78.0,80.0,77.0,72.0,73.0,74.0,79.0,78.0,70.0,80.0,71.0,79.0,76.0,81.0,77.0,76.0,79.0,0.36319612590799033,0.28945630640545894,0.34734756768655073,0.3595658073270013,0.28765264586160105,0.35278154681139756,Draw
-1,15,2,6,0,0,1,0,74.0,76.0,80.0,81.0,77.0,73.0,77.0,82.0,80.0,77.0,80.0,81.0,81.0,84.0,87.0,83.0,87.0,87.0,78.0,87.0,86.0,93.0,0.15854770503220061,0.21969658895916944,0.6217557060086298,0.15874177029992684,0.22677395757132407,0.6144842721287491,Draw
7,2,4,5,0,0,1,0,76.0,74.0,75.0,77.0,75.0,72.0,76.0,74.0,75.0,73.0,78.0,76.0,79.0,81.0,80.0,76.0,79.0,78.0,81.0,78.0,78.0,80.0,0.3516483516483516,0.2967032967032967,0.3516483516483516,0.334855403348554,0.3181126331811263,0.3470319634703196,Lose
-7,-5,3,2,0,0,1,0,76.0,74.0,71.0,76.0,73.0,77.0,71.0,73.0,76.0,72.0,72.0,77.0,76.0,73.0,73.0,74.0,76.0,74.0,78.0,76.0,77.0,71.0,0.42307692307692313,0.2884615384615385,0.2884615384615385,0.41354540790148797,0.2863006670087225,0.30015392508978966,Lose
-4,-9,3,0,0,0,1,0,77.0,72.0,71.0,73.0,76.0,75.0,71.0,71.0,74.0,74.0,79.0,71.0,73.0,73.0,74.0,73.0,71.0,73.0,72.0,74.0,74.0,71.0,0.3979853841595892,0.29389689907169664,0.3081177167687142,0.38694379981838356,0.29169609524770457,0.3213601049339118,Lose
-4,14,4,6,0,0,1,0,70.0,76.0,76.0,75.0,73.0,64.0,77.0,74.0,75.0,70.0,78.0,83.0,84.0,85.0,83.0,84.0,84.0,86.0,88.0,94.0,90.0,89.0,0.06818181818181818,0.13636363636363635,0.7954545454545454,0.07496395963479095,0.14416146083613646,0.7808745795290725,Draw
-5,10,2,6,0,0,1,0,77.0,71.0,74.0,72.0,75.0,73.0,73.0,75.0,76.0,65.0,70.0,76.0,77.0,79.0,74.0,73.0,79.0,81.0,82.0,81.0,79.0,80.0,0.22010344200803078,0.2647355288596593,0.5151610291323099,0.21672840037901628,0.2760099922473943,0.5072616073735894,Win
2,2,5,4,0,0,1,0,79.0,75.0,74.0,78.0,76.0,78.0,76.0,80.0,71.0,75.0,72.0,68.0,76.0,78.0,77.0,71.0,77.0,73.0,77.0,80.0,78.0,69.0,0.3956834532374101,0.2877697841726619,0.31654676258992803,0.38795986622073575,0.2909698996655518,0.3210702341137124,Win
8,-11,7,2,0,0,1,0,81.0,81.0,81.0,85.0,82.0,83.0,76.0,80.0,84.0,84.0,77.0,73.0,74.0,74.0,75.0,75.0,72.0,76.0,77.0,72.0,71.0,76.0,0.7966834895457823,0.14708002883922133,0.05623648161499639,0.7786296118830858,0.14949688548155246,0.07187350263536177,Win
-5,-2,3,1,0,0,1,0,79.0,78.0,70.0,80.0,71.0,77.0,76.0,81.0,77.0,76.0,79.0,74.0,76.0,82.0,81.0,75.0,75.0,82.0,79.0,77.0,79.0,80.0,0.42307692307692313,0.2884615384615385,0.2884615384615385,0.4266970907016543,0.29092983456930976,0.28237307472903594,Win
15,3,6,3,0,0,1,0,81.0,81.0,87.0,84.0,83.0,87.0,87.0,87.0,84.0,93.0,86.0,76.0,74.0,75.0,77.0,75.0,76.0,72.0,74.0,75.0,73.0,78.0,0.8502024291497975,0.10485829959514169,0.044939271255060725,0.8365978354690923,0.10995285837593784,0.05344930615496978,Win
2,-7,5,3,0,0,1,0,78.0,79.0,81.0,80.0,66.0,79.0,81.0,79.0,78.0,80.0,78.0,76.0,76.0,74.0,76.0,73.0,71.0,73.0,72.0,77.0,68.0,72.0,0.6340391980175715,0.2196440639783735,0.14631673800405498,0.6458616010854817,0.2203527815468114,0.13378561736770692,Win
-2,-9,3,2,0,0,1,0,77.0,76.0,73.0,73.0,74.0,74.0,76.0,78.0,76.0,77.0,74.0,77.0,73.0,71.0,72.0,76.0,75.0,71.0,75.0,74.0,79.0,75.0,0.48908296943231444,0.2724890829694323,0.23842794759825325,0.47904191616766467,0.2874251497005988,0.23353293413173648,Win
17,-3,6,3,0,0,1,0,83.0,79.0,85.0,80.0,84.0,84.0,78.0,83.0,94.0,90.0,89.0,77.0,73.0,75.0,74.0,75.0,73.0,73.0,63.0,76.0,67.0,70.0,0.9083622762489982,0.06358535933742988,0.028052364413572006,0.9163930991129426,0.060138297129286866,0.023468603757770483,Win
8,8,5,5,0,0,1,0,76.0,80.0,80.0,74.0,81.0,82.0,71.0,81.0,81.0,79.0,79.0,79.0,80.0,79.0,83.0,79.0,80.0,80.0,76.0,81.0,70.0,82.0,0.4545454545454546,0.27272727272727276,0.27272727272727276,0.45801526717557256,0.267175572519084,0.2748091603053435,Win
0,4,3,6,0,0,1,0,75.0,74.0,72.0,72.0,69.0,73.0,67.0,74.0,69.0,77.0,76.0,79.0,75.0,74.0,78.0,76.0,71.0,76.0,80.0,77.0,74.0,72.0,0.3527021535960991,0.30719219829337663,0.34010564811052413,0.34700315457413244,0.3123028391167192,0.34069400630914826,Draw
-3,10,3,8,0,0,1,0,76.0,78.0,77.0,73.0,76.0,76.0,77.0,77.0,80.0,78.0,71.0,81.0,81.0,79.0,85.0,82.0,76.0,80.0,79.0,83.0,79.0,84.0,0.208955223880597,0.26865671641791045,0.5223880597014926,0.21749614843593007,0.28146560385826247,0.5010382477058075,Lose
-9,-17,2,1,0,0,1,0,73.0,72.0,75.0,75.0,75.0,72.0,75.0,75.0,77.0,76.0,72.0,72.0,56.0,77.0,75.0,75.0,78.0,72.0,73.0,73.0,76.0,74.0,0.44155844155844154,0.2792207792207792,0.2792207792207792,0.4247787610619469,0.2920353982300885,0.2831858407079646,Win
0,0,0,0,0,0,1,0,74.0,75.0,73.0,73.0,72.0,76.0,76.0,77.0,74.0,79.0,76.0,74.0,56.0,72.0,66.0,73.0,75.0,76.0,73.0,73.0,75.0,74.0,0.6217557060086298,0.21969658895916944,0.15854770503220061,0.6019261637239165,0.24879614767255218,0.1492776886035313,Win
0,0,0,0,0,0,1,0,80.0,78.0,79.0,77.0,78.0,78.0,80.0,79.0,80.0,77.0,80.0,77.0,79.0,75.0,84.0,78.0,76.0,82.0,80.0,82.0,80.0,82.0,0.3401778496362166,0.29765561843168953,0.36216653193209375,0.3506493506493506,0.2922077922077922,0.35714285714285704,Lose
0,0,0,0,0,0,1,0,83.0,75.0,83.0,79.0,81.0,83.0,85.0,89.0,93.0,89.0,86.0,75.0,73.0,73.0,77.0,73.0,71.0,73.0,70.0,71.0,77.0,69.0,0.8678237650200267,0.09546061415220294,0.036715620827770364,0.823525623480543,0.12007534897200176,0.05639902754745537,Win
0,0,0,0,0,0,1,0,71.0,71.0,70.0,71.0,71.0,73.0,59.0,65.0,72.0,74.0,65.0,77.0,73.0,75.0,80.0,51.0,60.0,74.0,78.0,78.0,77.0,82.0,0.23837422189674118,0.30757964115708536,0.45404613694617363,0.24442501093135113,0.30083078268473984,0.45474420638390906,Win
0,0,0,0,0,0,1,0,79.0,79.0,81.0,87.0,82.0,85.0,87.0,86.0,87.0,92.0,85.0,71.0,66.0,70.0,69.0,67.0,75.0,68.0,73.0,66.0,75.0,78.0,0.8678237650200267,0.09546061415220294,0.036715620827770364,0.8420972412741959,0.10996799268404207,0.047934766041761924,Win
0,0,0,0,0,0,1,0,76.0,72.0,79.0,75.0,65.0,79.0,76.0,83.0,79.0,74.0,75.0,69.0,73.0,70.0,72.0,69.0,68.0,64.0,71.0,73.0,63.0,65.0,0.5155482815057284,0.27250409165302786,0.2119476268412439,0.5147058823529411,0.27941176470588236,0.20588235294117646,Draw
0,0,0,0,0,0,1,0,76.0,76.0,78.0,74.0,76.0,79.0,70.0,72.0,72.0,80.0,83.0,73.0,72.0,78.0,72.0,76.0,74.0,73.0,73.0,74.0,73.0,73.0,0.661129263749351,0.2198674687757657,0.11900326747488318,0.6469115191986644,0.23288814691151918,0.12020033388981635,Draw
-5,-9,3,2,0,0,1,0,76.0,78.0,77.0,76.0,71.0,77.0,77.0,80.0,78.0,71.0,74.0,73.0,75.0,75.0,72.0,75.0,75.0,77.0,75.0,72.0,72.0,76.0,0.5895128762022959,0.25131864722308406,0.1591684765746199,0.5745239658568614,0.24819435325016415,0.17728168089297439,Win
0,12,3,9,0,0,1,0,75.0,70.0,72.0,72.0,69.0,73.0,68.0,74.0,69.0,77.0,71.0,81.0,81.0,85.0,79.0,82.0,76.0,80.0,79.0,83.0,84.0,79.0,0.14667270258035311,0.26482571299230423,0.5885015844273427,0.15916847657461994,0.2513186472230841,0.5895128762022961,Lose
9,2,5,5,0,0,1,0,76.0,80.0,80.0,79.0,81.0,82.0,71.0,81.0,81.0,79.0,79.0,79.0,75.0,74.0,78.0,77.0,78.0,80.0,76.0,77.0,72.0,75.0,0.5689677299756157,0.2500463444892837,0.1809859255351006,0.5709391949757351,0.2383671139023694,0.19069369112189552,Win
20,6,6,5,0,0,1,0,83.0,79.0,85.0,83.0,84.0,84.0,86.0,88.0,94.0,90.0,89.0,79.0,76.0,77.0,83.0,79.0,80.0,80.0,80.0,72.0,80.0,76.0,0.8316008316008316,0.1185031185031185,0.04989604989604989,0.8389913962890019,0.10930859334508138,0.05170001036591687,Win
-3,-7,1,3,0,0,1,0,71.0,73.0,72.0,74.0,73.0,72.0,73.0,74.0,74.0,71.0,72.0,77.0,74.0,71.0,72.0,73.0,76.0,75.0,63.0,73.0,68.0,70.0,0.5182625863770978,0.27097729516288255,0.21076011846001974,0.5173858399664851,0.2865521575198995,0.1960620025136154,Win
-4,-5,3,3,0,0,1,0,77.0,76.0,73.0,73.0,72.0,74.0,76.0,77.0,76.0,78.0,75.0,70.0,66.0,75.0,76.0,73.0,73.0,77.0,74.0,75.0,75.0,78.0,0.4317656129529684,0.2968388589051658,0.27139552814186585,0.43398484244116475,0.29158356601515756,0.2744315915436777,Win
5,-12,6,1,0,0,1,0,78.0,79.0,81.0,80.0,66.0,79.0,79.0,81.0,78.0,79.0,80.0,77.0,73.0,72.0,71.0,76.0,71.0,75.0,74.0,68.0,73.0,79.0,0.659577101402363,0.22087454896845873,0.1195483496291783,0.6292239571195526,0.23281286413423444,0.137963178746213,Draw
20,-10,7,2,0,0,1,0,81.0,81.0,82.0,84.0,83.0,87.0,87.0,84.0,87.0,86.0,93.0,76.0,76.0,74.0,71.0,73.0,75.0,73.0,76.0,77.0,68.0,72.0,0.9073180745150363,0.05604023401416401,0.03664169147079955,0.8968044897491696,0.07041575993586073,0.03277975031496965,Win
-1,-2,4,3,0,0,1,0,79.0,78.0,71.0,80.0,71.0,77.0,76.0,81.0,77.0,76.0,79.0,76.0,74.0,72.0,77.0,75.0,72.0,76.0,74.0,73.0,74.0,78.0,0.48657187993680884,0.287519747235387,0.22590837282780407,0.4782608695652174,0.2826086956521739,0.2391304347826087,Draw
-2,-16,1,1,0,0,1,0,78.0,76.0,82.0,80.0,75.0,82.0,75.0,77.0,80.0,79.0,81.0,70.0,56.0,77.0,76.0,75.0,80.0,70.0,76.0,72.0,73.0,73.0,0.5883926183471516,0.23829901043059643,0.17330837122225196,0.5869600785340313,0.2319208115183246,0.18111910994764396,Draw
-7,-5,2,2,0,0,1,0,73.0,72.0,75.0,75.0,75.0,75.0,72.0,71.0,75.0,77.0,76.0,75.0,74.0,70.0,72.0,69.0,74.0,77.0,69.0,72.0,73.0,71.0,0.39999205971097346,0.30709067810068286,0.2929172621883437,0.3971865949524204,0.311129499379396,0.29168390566818375,Win
13,10,9,6,1,0,1,0,81.0,81.0,81.0,85.0,82.0,76.0,80.0,79.0,83.0,79.0,84.0,76.0,80.0,80.0,79.0,81.0,82.0,79.0,81.0,81.0,73.0,80.0,0.5696460056964601,0.2718025227180252,0.15855147158551472,0.5696460056964601,0.2718025227180252,0.15855147158551472,Draw
4,27,5,7,0,1,1,0,79.0,75.0,76.0,78.0,74.0,71.0,76.0,80.0,77.0,75.0,72.0,83.0,79.0,83.0,80.0,79.0,83.0,86.0,88.0,94.0,90.0,73.0,0.11190148386109836,0.17293865687624294,0.7151598592626587,0.11932503013258336,0.17356368019284854,0.707111289674568,Lose
-2,1,4,2,0,1,1,0,74.0,76.0,80.0,83.0,79.0,80.0,80.0,78.0,80.0,73.0,82.0,71.0,73.0,74.0,72.0,70.0,72.0,74.0,73.0,76.0,72.0,71.0,0.5717651950932151,0.2546261002148451,0.17360870469193984,0.5477308294209703,0.26604068857589985,0.1862284820031299,Win
-11,-2,3,4,0,0,1,0,77.0,76.0,74.0,74.0,71.0,76.0,75.0,70.0,73.0,73.0,75.0,77.0,76.0,73.0,73.0,72.0,74.0,76.0,77.0,76.0,78.0,75.0,0.3621113427484446,0.30721059078335783,0.33067806646819764,0.3591098465603089,0.30698099786607047,0.33390915557362055,Win
-4,6,3,6,0,0,1,0,70.0,76.0,76.0,75.0,70.0,64.0,77.0,75.0,75.0,70.0,78.0,78.0,79.0,81.0,77.0,77.0,79.0,80.0,81.0,78.0,79.0,80.0,0.3285685524461445,0.29776525065431847,0.37366619689953695,0.3282828282828283,0.3118686868686869,0.35984848484848486,Draw
-10,21,1,7,0,1,1,0,77.0,72.0,71.0,72.0,76.0,71.0,75.0,73.0,69.0,74.0,79.0,81.0,81.0,82.0,84.0,83.0,87.0,87.0,84.0,87.0,86.0,93.0,0.10040295500335795,0.1658831430490262,0.7337139019476159,0.09734513274336284,0.17256637168141595,0.7300884955752213,Draw
-2,-5,3,0,0,0,1,0,76.0,74.0,75.0,77.0,75.0,75.0,72.0,76.0,75.0,73.0,78.0,78.0,76.0,82.0,81.0,80.0,77.0,60.0,75.0,82.0,80.0,81.0,0.42307692307692313,0.2884615384615385,0.2884615384615385,0.42307692307692313,0.2884615384615385,0.2884615384615385,Draw
-5,-4,2,4,0,0,1,0,75.0,74.0,70.0,72.0,69.0,70.0,73.0,72.0,69.0,77.0,71.0,76.0,76.0,78.0,77.0,71.0,77.0,76.0,77.0,80.0,71.0,78.0,0.40177519440735215,0.28976514020893884,0.30845966538370906,0.38091260311162156,0.2916362117573353,0.3274511851310431,Win
5,-2,5,3,0,0,1,0,76.0,77.0,79.0,74.0,81.0,71.0,79.0,79.0,81.0,79.0,79.0,73.0,74.0,74.0,75.0,75.0,75.0,75.0,72.0,75.0,78.0,77.0,0.7147962830593281,0.1901358112937813,0.09506790564689065,0.697669802707316,0.1997538803540947,0.10257631693858918,Win
25,12,7,8,1,0,1,0,83.0,84.0,85.0,83.0,84.0,85.0,86.0,88.0,94.0,90.0,90.0,82.0,81.0,79.0,86.0,82.0,79.0,76.0,81.0,83.0,78.0,84.0,0.6363636363636365,0.2272727272727273,0.13636363636363638,0.6245817532902074,0.23890252063350434,0.13651572607628817,Win
-2,1,2,4,0,0,1,0,71.0,73.0,72.0,73.0,70.0,72.0,71.0,74.0,74.0,71.0,72.0,79.0,75.0,73.0,74.0,74.0,71.0,76.0,77.0,80.0,75.0,72.0,0.39593908629441626,0.2899492385786802,0.3141116751269035,0.39008264462809916,0.29256198347107437,0.3173553719008264,Lose
2,1,4,5,0,1,1,0,77.0,76.0,74.0,73.0,74.0,76.0,74.0,78.0,76.0,76.0,71.0,79.0,80.0,79.0,77.0,79.0,80.0,80.0,76.0,72.0,73.0,82.0,0.2796610169491525,0.288135593220339,0.43220338983050843,0.28237307472903594,0.29092983456930976,0.4266970907016543,Lose
6,-10,6,4,1,0,1,0,78.0,79.0,81.0,80.0,77.0,79.0,80.0,81.0,78.0,80.0,79.0,77.0,71.0,74.0,74.0,73.0,76.0,75.0,70.0,73.0,73.0,75.0,0.6613756613756613,0.21164021164021163,0.12698412698412698,0.6441717791411044,0.2223926380368098,0.13343558282208587,Win
19,-3,6,3,1,0,1,0,82.0,82.0,87.0,82.0,83.0,87.0,87.0,87.0,84.0,86.0,93.0,70.0,76.0,75.0,76.0,70.0,76.0,77.0,74.0,64.0,75.0,66.0,0.8677685950413222,0.08677685950413223,0.04545454545454545,0.8592119798698906,0.09537252976555788,0.045415490364551364,Win
1,-10,4,1,0,1,1,0,79.0,71.0,76.0,80.0,66.0,77.0,79.0,81.0,77.0,60.0,79.0,77.0,72.0,71.0,72.0,71.0,71.0,75.0,75.0,70.0,74.0,79.0,0.5717651950932151,0.2546261002148451,0.17360870469193984,0.5477308294209703,0.26604068857589985,0.1862284820031299,Win
0,-13,3,1,1,0,1,0,67.0,74.0,75.0,77.0,75.0,72.0,76.0,75.0,73.0,75.0,78.0,70.0,56.0,77.0,76.0,75.0,80.0,70.0,72.0,72.0,76.0,73.0,0.49799419006778256,0.2642135841748513,0.23779222575736617,0.5051038366772262,0.2669834565293911,0.22791270679338266,Draw
-16,-4,0,3,0,0,1,0,70.0,56.0,70.0,76.0,77.0,80.0,78.0,76.0,72.0,72.0,73.0,75.0,74.0,72.0,72.0,69.0,73.0,74.0,69.0,69.0,77.0,71.0,0.49799419006778256,0.2642135841748513,0.23779222575736617,0.4903728275762602,0.2754741472560756,0.23415302516766426,Win
-6,9,3,6,1,0,1,0,76.0,76.0,77.0,73.0,71.0,77.0,76.0,77.0,77.0,71.0,78.0,76.0,77.0,79.0,77.0,73.0,80.0,79.0,79.0,79.0,82.0,80.0,0.29753038024304196,0.28851430811446493,0.4139553116424932,0.3165610142630745,0.2793185419968304,0.4041204437400951,Draw
-7,24,2,7,0,1,1,0,73.0,74.0,75.0,75.0,75.0,75.0,75.0,72.0,78.0,77.0,76.0,83.0,84.0,85.0,83.0,84.0,78.0,85.0,88.0,94.0,90.0,90.0,0.06364617044228693,0.12729234088457386,0.8090614886731391,0.07304347826086957,0.13565217391304346,0.7913043478260869,Lose
10,-3,7,2,1,0,1,0,82.0,79.0,79.0,76.0,66.0,72.0,81.0,83.0,78.0,77.0,84.0,71.0,73.0,72.0,72.0,70.0,71.0,74.0,72.0,73.0,69.0,71.0,0.6918595241948534,0.20909532286777793,0.0990451529373685,0.6799510719539813,0.21984561217911633,0.1002033158669025,Win
4,1,5,4,0,1,1,0,79.0,75.0,74.0,73.0,77.0,71.0,76.0,80.0,76.0,72.0,75.0,77.0,76.0,73.0,74.0,69.0,74.0,76.0,78.0,76.0,76.0,71.0,0.6023352072650892,0.25217767344165065,0.14548711929326003,0.5641370047011417,0.2585627938213566,0.17730020147750167,Win
-1,7,5,7,0,1,1,0,79.0,70.0,76.0,83.0,79.0,80.0,80.0,76.0,73.0,78.0,82.0,78.0,79.0,81.0,80.0,77.0,79.0,81.0,79.0,78.0,79.0,80.0,0.5221932114882506,0.2654482158398608,0.2123585726718886,0.5181373722178536,0.26647064856918184,0.21539197921296455,Draw
-13,29,3,7,0,1,1,0,77.0,76.0,74.0,74.0,71.0,76.0,75.0,70.0,73.0,69.0,74.0,82.0,82.0,82.0,87.0,83.0,87.0,87.0,84.0,87.0,86.0,93.0,0.07936507936507936,0.15873015873015872,0.7619047619047619,0.08647906657515442,0.1585449553877831,0.7549759780370624,Lose
-11,-2,2,4,1,0,1,0,70.0,76.0,76.0,76.0,71.0,77.0,66.0,74.0,75.0,73.0,75.0,79.0,72.0,76.0,80.0,66.0,75.0,81.0,79.0,77.0,63.0,79.0,0.3527021535960991,0.30719219829337663,0.34010564811052413,0.3527021535960991,0.30719219829337663,0.34010564811052413,Lose
-10,-4,1,0,0,0,1,0,77.0,78.0,71.0,72.0,76.0,61.0,75.0,71.0,74.0,79.0,73.0,78.0,76.0,82.0,81.0,78.0,60.0,81.0,82.0,80.0,78.0,81.0,0.3621113427484446,0.30721059078335783,0.33067806646819764,0.3691328560063643,0.29992044550517105,0.33094669848846464,Win
8,-6,5,3,0,1,1,0,76.0,77.0,79.0,74.0,81.0,79.0,71.0,79.0,81.0,82.0,79.0,75.0,70.0,72.0,73.0,72.0,74.0,73.0,72.0,77.0,69.0,71.0,0.7147962830593281,0.1901358112937813,0.09506790564689065,0.7174536916253587,0.17349334724758675,0.10905296112705452,Win
22,-4,7,3,0,1,1,0,83.0,84.0,85.0,83.0,84.0,78.0,86.0,88.0,94.0,90.0,90.0,76.0,78.0,77.0,76.0,71.0,77.0,76.0,77.0,77.0,74.0,69.0,0.8774082709534912,0.08614553932997915,0.03644618971652964,0.8807288790723358,0.08647156267255661,0.03279955825510768,Win
-3,-8,2,2,0,0,1,0,71.0,73.0,72.0,74.0,72.0,71.0,74.0,69.0,73.0,74.0,72.0,73.0,77.0,75.0,75.0,75.0,71.0,75.0,75.0,78.0,76.0,77.0,0.5281969817315331,0.27164416203335984,0.20015885623510724,0.5206391478029294,0.2756324900133155,0.20372836218375498,Win
-4,11,3,7,0,1,1,0,77.0,76.0,73.0,73.0,72.0,74.0,78.0,76.0,77.0,76.0,75.0,82.0,81.0,79.0,86.0,82.0,83.0,81.0,76.0,78.0,79.0,84.0,0.14597147121430845,0.24968804286658022,0.6043404859191114,0.13604534064029603,0.25738307688704654,0.6065715824726574,Lose
9,7,7,6,1,0,1,0,78.0,79.0,81.0,80.0,77.0,79.0,79.0,81.0,78.0,78.0,80.0,79.0,75.0,74.0,78.0,74.0,73.0,80.0,75.0,71.0,72.0,75.0,0.46281601771544567,0.28750692009595863,0.24967706218859564,0.4537346711259755,0.28874024526198444,0.25752508361204013,Win
28,1,7,5,1,0,1,0,82.0,81.0,82.0,87.0,82.0,87.0,87.0,78.0,87.0,86.0,93.0,79.0,80.0,77.0,83.0,79.0,80.0,81.0,73.0,73.0,70.0,82.0,0.7403078121955972,0.1591661796220534,0.10052600818234952,0.7418011452368558,0.15825091098386257,0.09994794377928162,Win
1,-14,4,3,1,0,1,0,79.0,71.0,76.0,75.0,72.0,79.0,77.0,81.0,77.0,63.0,79.0,77.0,71.0,74.0,74.0,73.0,75.0,76.0,70.0,73.0,70.0,75.0,0.6180910495661476,0.23641982645905146,0.1454891239748009,0.577454180266131,0.259854381119759,0.16269143861410998,Win
-5,-13,0,2,0,1,1,0,82.0,75.0,80.0,81.0,78.0,82.0,79.0,81.0,79.0,78.0,80.0,70.0,76.0,76.0,73.0,73.0,77.0,73.0,75.0,66.0,70.0,78.0,0.5446293494704992,0.264750378214826,0.19062027231467474,0.5349935863341989,0.2645246065763539,0.20048180708944713,Win
-2,-10,2,1,1,0,1,0,76.0,74.0,75.0,77.0,75.0,74.0,78.0,76.0,75.0,74.0,79.0,77.0,78.0,72.0,76.0,76.0,63.0,75.0,71.0,73.0,79.0,73.0,0.5281969817315331,0.27164416203335984,0.20015885623510724,0.5182926829268292,0.274390243902439,0.20731707317073167,Draw
-14,10,1,6,0,1,1,0,70.0,77.0,70.0,76.0,75.0,80.0,78.0,76.0,72.0,72.0,73.0,76.0,80.0,79.0,77.0,81.0,72.0,79.0,81.0,81.0,79.0,79.0,0.30579150579150577,0.2633204633204633,0.43088803088803085,0.2968388589051658,0.27139552814186585,0.4317656129529684,Draw
-6,25,3,8,0,1,1,0,75.0,70.0,72.0,73.0,72.0,73.0,69.0,74.0,69.0,77.0,71.0,83.0,84.0,83.0,82.0,84.0,83.0,78.0,88.0,94.0,90.0,90.0,0.06364617044228693,0.12729234088457386,0.8090614886731391,0.06818181818181818,0.13636363636363635,0.7954545454545454,Lose
-7,-1,3,3,0,0,1,0,76.0,78.0,77.0,73.0,76.0,77.0,74.0,71.0,77.0,78.0,74.0,71.0,72.0,72.0,74.0,70.0,71.0,65.0,69.0,73.0,74.0,74.0,0.4767025089605735,0.27240143369175623,0.25089605734767023,0.47595118449389806,0.2799712849964106,0.24407753050969133,Win
-10,-2,2,3,0,1,1,0,73.0,72.0,75.0,71.0,75.0,76.0,75.0,75.0,77.0,76.0,78.0,77.0,76.0,73.0,73.0,72.0,74.0,76.0,78.0,77.0,76.0,75.0,0.43220338983050843,0.288135593220339,0.2796610169491525,0.4350453172205438,0.2990936555891239,0.26586102719033233,Win
10,9,7,7,0,1,1,0,82.0,81.0,81.0,86.0,82.0,83.0,81.0,76.0,77.0,84.0,79.0,78.0,79.0,75.0,78.0,80.0,76.0,81.0,78.0,77.0,80.0,79.0,0.6224202319334338,0.2506060407521457,0.1269737273144205,0.6151629350476613,0.25770339170915535,0.12713367324318334,Draw
6,27,6,7,0,0,1,0,79.0,76.0,74.0,78.0,74.0,73.0,76.0,80.0,74.0,75.0,72.0,82.0,82.0,75.0,87.0,83.0,87.0,87.0,78.0,78.0,93.0,84.0,0.20017356089094587,0.25021695111368236,0.5496094879953717,0.2008202856030895,0.2445888093883783,0.5545909050085321,Draw
-4,8,4,5,0,0,1,0,79.0,80.0,79.0,83.0,79.0,80.0,76.0,80.0,78.0,80.0,82.0,79.0,71.0,76.0,80.0,73.0,77.0,75.0,79.0,81.0,79.0,68.0,0.5281969817315331,0.27164416203335984,0.20015885623510724,0.5287356321839081,0.26436781609195403,0.20689655172413796,Lose
-15,-3,3,1,0,1,1,0,77.0,76.0,74.0,74.0,71.0,75.0,76.0,70.0,73.0,70.0,74.0,82.0,75.0,82.0,80.0,78.0,80.0,79.0,81.0,82.0,78.0,80.0,0.33009708737864074,0.29708737864077667,0.37281553398058254,0.3348088531187123,0.2981891348088531,0.3670020120724346,Lose
-16,-4,1,1,0,1,1,0,70.0,76.0,76.0,73.0,73.0,77.0,76.0,75.0,73.0,70.0,78.0,76.0,74.0,75.0,77.0,75.0,74.0,78.0,77.0,76.0,72.0,75.0,0.39768618944323936,0.28681610026512416,0.31549771029163654,0.38041507152931703,0.2971992746322789,0.32238565383840423,Win
26,8,9,5,0,1,1,0,83.0,79.0,85.0,82.0,84.0,78.0,86.0,83.0,94.0,90.0,90.0,76.0,80.0,79.0,74.0,81.0,72.0,79.0,81.0,79.0,81.0,79.0,0.8206811653672549,0.11694706606483381,0.062371768567911365,0.8054000153409526,0.12671626908030986,0.06788371557873743,Win
0,-5,3,3,0,0,1,0,71.0,73.0,73.0,74.0,70.0,69.0,73.0,74.0,74.0,71.0,74.0,75.0,70.0,72.0,73.0,72.0,73.0,74.0,69.0,77.0,72.0,71.0,0.5446293494704992,0.264750378214826,0.19062027231467474,0.5317919075144508,0.2658959537572254,0.20231213872832374,Lose
-5,-7,3,3,0,0,1,0,77.0,76.0,73.0,74.0,72.0,74.0,76.0,77.0,76.0,67.0,75.0,76.0,78.0,77.0,73.0,76.0,76.0,77.0,78.0,80.0,71.0,74.0,0.29753038024304196,0.28851430811446493,0.4139553116424932,0.30128205128205127,0.30128205128205127,0.3974358974358974,Lose
8,-6,6,3,0,1,1,0,78.0,78.0,81.0,75.0,70.0,73.0,81.0,79.0,77.0,75.0,78.0,73.0,72.0,75.0,71.0,75.0,76.0,75.0,75.0,77.0,78.0,76.0,0.5700202398490961,0.2644260557077751,0.16555370444312875,0.595120015869867,0.249156913310851,0.15572307081928186,Win
28,9,7,6,0,0,1,0,82.0,82.0,82.0,87.0,81.0,87.0,87.0,87.0,84.0,86.0,93.0,82.0,81.0,79.0,86.0,82.0,76.0,79.0,81.0,83.0,79.0,84.0,0.5524619634322796,0.2654886657605121,0.1820493708072083,0.5281969817315331,0.27164416203335984,0.20015885623510724,Lose
8,5,5,5,0,1,1,0,79.0,72.0,76.0,80.0,73.0,77.0,75.0,77.0,81.0,68.0,76.0,79.0,76.0,74.0,78.0,66.0,75.0,71.0,76.0,74.0,76.0,72.0,0.4337464251668255,0.29361296472831266,0.27264061010486174,0.415347137637028,0.30146163215590743,0.2831912302070646,Draw
-2,-5,2,4,0,1,1,0,82.0,75.0,82.0,80.0,80.0,79.0,82.0,75.0,80.0,78.0,81.0,79.0,76.0,77.0,83.0,79.0,75.0,80.0,80.0,78.0,80.0,73.0,0.41395531164249316,0.2975303802430419,0.2885143081144649,0.42307692307692313,0.2884615384615385,0.2884615384615385,Lose
-5,-17,1,2,0,0,1,0,76.0,74.0,75.0,74.0,75.0,74.0,78.0,77.0,76.0,79.0,75.0,77.0,74.0,74.0,76.0,73.0,73.0,75.0,73.0,70.0,70.0,75.0,0.5281969817315331,0.27164416203335984,0.20015885623510724,0.5182926829268292,0.274390243902439,0.20731707317073167,Lose
-10,-11,1,1,1,0,1,0,77.0,72.0,73.0,74.0,76.0,79.0,74.0,76.0,66.0,75.0,79.0,70.0,56.0,70.0,76.0,77.0,80.0,74.0,73.0,73.0,72.0,73.0,0.43220338983050843,0.288135593220339,0.2796610169491525,0.4247787610619469,0.2920353982300885,0.2831858407079646,Draw
-10,23,1,9,0,1,1,0,70.0,56.0,70.0,70.0,77.0,74.0,80.0,73.0,73.0,72.0,76.0,83.0,85.0,83.0,82.0,78.0,85.0,86.0,88.0,94.0,90.0,90.0,0.07304347826086957,0.13565217391304346,0.7913043478260869,0.07181653590826796,0.14363307181653592,0.7845503922751962,Lose
7,0,5,3,0,0,1,0,76.0,77.0,79.0,80.0,81.0,72.0,79.0,79.0,81.0,79.0,80.0,71.0,72.0,73.0,74.0,70.0,65.0,74.0,73.0,73.0,74.0,71.0,0.6803939122649956,0.20053715308863027,0.11906893464637423,0.6500776404176282,0.2161921021250311,0.13373025745734066,Win
-6,9,4,6,1,0,1,0,76.0,78.0,77.0,73.0,76.0,77.0,74.0,78.0,80.0,82.0,74.0,78.0,79.0,78.0,80.0,76.0,73.0,78.0,79.0,78.0,79.0,78.0,0.43220338983050843,0.288135593220339,0.2796610169491525,0.4359404280501035,0.2883913600946839,0.27566821185521256,Draw
-7,19,3,6,0,1,1,0,73.0,74.0,71.0,75.0,77.0,72.0,75.0,75.0,77.0,78.0,76.0,82.0,81.0,84.0,82.0,75.0,87.0,77.0,87.0,77.0,64.0,93.0,0.13633645604943193,0.20091688259916285,0.6627466613514053,0.13848665380456673,0.20321411156104904,0.6582992346343842,Lose
11,8,7,5,1,0,1,0,82.0,81.0,79.0,86.0,82.0,76.0,81.0,79.0,83.0,79.0,84.0,79.0,71.0,77.0,76.0,66.0,75.0,79.0,77.0,76.0,79.0,77.0,0.6761868406440866,0.21862853970016655,0.1051846196557468,0.6550984597387405,0.22616494443361276,0.1187365958276467,Win
4,-5,4,2,0,1,1,0,79.0,76.0,74.0,73.0,74.0,75.0,76.0,80.0,77.0,76.0,72.0,82.0,76.0,82.0,80.0,80.0,80.0,81.0,82.0,80.0,78.0,80.0,0.46281601771544567,0.28750692009595863,0.24967706218859564,0.4543876567020251,0.30048216007714557,0.24513018322082927,Lose
-1,-6,5,1,0,0,1,0,79.0,80.0,77.0,83.0,70.0,80.0,80.0,78.0,81.0,80.0,82.0,74.0,74.0,75.0,72.0,75.0,76.0,78.0,77.0,74.0,79.0,72.0,0.6245817532902074,0.23890252063350434,0.13651572607628817,0.6223404255319148,0.2393617021276596,0.1382978723404255,Win
-14,-16,3,1,0,0,1,0,77.0,76.0,74.0,74.0,73.0,73.0,73.0,75.0,70.0,75.0,70.0,76.0,71.0,74.0,71.0,72.0,76.0,71.0,75.0,77.0,69.0,75.0,0.4552980132450331,0.2897350993377484,0.25496688741721857,0.44321329639889195,0.29085872576177285,0.2659279778393352,Win
-14,-9,2,1,1,0,1,0,70.0,76.0,76.0,73.0,73.0,75.0,77.0,76.0,74.0,78.0,75.0,77.0,72.0,73.0,74.0,76.0,77.0,74.0,70.0,66.0,74.0,79.0,0.48908296943231444,0.2724890829694323,0.23842794759825325,0.49168474331164136,0.274765003615329,0.23355025307302965,Lose
-1,27,3,10,0,1,1,0,71.0,73.0,74.0,70.0,73.0,73.0,65.0,74.0,73.0,74.0,71.0,83.0,84.0,85.0,83.0,84.0,85.0,86.0,83.0,94.0,90.0,73.0,0.09489051094890512,0.14598540145985403,0.759124087591241,0.09315165041700929,0.1433102314107835,0.7635381181722072,Lose
8,-5,5,3,0,0,1,0,78.0,79.0,75.0,80.0,70.0,78.0,81.0,78.0,77.0,75.0,80.0,75.0,70.0,62.0,73.0,72.0,69.0,63.0,77.0,70.0,74.0,71.0,0.5875440658049352,0.25381903642773207,0.15863689776733253,0.5968281006026351,0.253248680525983,0.14992321887138194,Lose
19,-8,6,3,1,0,1,0,82.0,82.0,84.0,87.0,81.0,77.0,78.0,77.0,84.0,93.0,64.0,68.0,78.0,71.0,76.0,73.0,74.0,77.0,80.0,77.0,82.0,78.0,0.7250755287009064,0.1570996978851964,0.1178247734138973,0.7201565557729942,0.16281800391389434,0.11702544031311157,Win
7,-8,5,3,1,0,1,0,79.0,71.0,75.0,80.0,73.0,77.0,79.0,77.0,81.0,79.0,71.0,73.0,74.0,71.0,75.0,75.0,76.0,75.0,72.0,77.0,76.0,78.0,0.6086603675149267,0.25482580719958264,0.1365138252854907,0.6039488966318234,0.2400309717382888,0.1560201316298877,Draw
-4,12,3,7,0,1,1,0,82.0,75.0,82.0,80.0,78.0,79.0,80.0,80.0,81.0,80.0,78.0,82.0,81.0,79.0,66.0,82.0,83.0,81.0,74.0,76.0,84.0,79.0,0.23741007194244607,0.2877697841726619,0.47482014388489213,0.2391304347826087,0.2826086956521739,0.4782608695652174,Lose
-11,2,0,3,0,1,1,0,76.0,74.0,75.0,75.0,74.0,74.0,78.0,77.0,74.0,79.0,75.0,79.0,76.0,74.0,74.0,78.0,80.0,77.0,76.0,76.0,76.0,74.0,0.3788187372708758,0.3054989816700611,0.3156822810590631,0.35917421529386984,0.3012428902464715,0.3395828944596588,Draw
-6,-9,2,4,0,0,1,0,77.0,73.0,74.0,76.0,78.0,70.0,77.0,74.0,74.0,68.0,79.0,77.0,76.0,74.0,74.0,73.0,73.0,73.0,76.0,70.0,70.0,75.0,0.4543429844097996,0.28062360801781744,0.26503340757238314,0.4658527279664251,0.28233498664631823,0.25181228538725675,Win
-17,-13,2,1,0,1,1,0,70.0,76.0,76.0,73.0,70.0,73.0,77.0,76.0,75.0,75.0,70.0,72.0,77.0,70.0,75.0,70.0,80.0,73.0,65.0,72.0,78.0,76.0,0.48908296943231444,0.2724890829694323,0.23842794759825325,0.48143053645116923,0.2682255845942228,0.25034387895460797,Win
-6,-3,1,3,0,0,1,0,72.0,77.0,76.0,72.0,75.0,74.0,80.0,75.0,73.0,72.0,73.0,71.0,73.0,74.0,72.0,70.0,65.0,74.0,73.0,73.0,74.0,74.0,0.4308880308880309,0.2633204633204634,0.3057915057915058,0.43398484244116475,0.2744315915436777,0.29158356601515756,Draw
6,6,5,4,0,0,1,0,76.0,77.0,79.0,80.0,81.0,81.0,79.0,79.0,81.0,82.0,79.0,78.0,79.0,75.0,80.0,78.0,76.0,78.0,81.0,78.0,79.0,75.0,0.5533013648100332,0.2552563629656953,0.1914422722242715,0.5611722264285397,0.26032156059323924,0.17850621297822117,Win
-3,25,4,7,0,0,1,0,75.0,70.0,62.0,73.0,72.0,70.0,73.0,69.0,71.0,77.0,64.0,82.0,82.0,87.0,84.0,78.0,84.0,77.0,87.0,77.0,93.0,87.0,0.10047846889952154,0.18181818181818185,0.7177033492822967,0.10727681920480121,0.17066766691672922,0.7220555138784697,Lose
-13,9,3,5,0,0,1,0,76.0,78.0,77.0,73.0,76.0,77.0,74.0,76.0,78.0,82.0,74.0,79.0,72.0,71.0,80.0,73.0,77.0,75.0,79.0,77.0,79.0,71.0,0.4509283819628648,0.2785145888594165,0.27055702917771884,0.44365361803084225,0.2740213523131673,0.28232502965599054,Win
-7,-5,3,3,0,0,1,0,73.0,72.0,71.0,75.0,72.0,76.0,75.0,75.0,77.0,78.0,76.0,82.0,75.0,82.0,81.0,78.0,82.0,80.0,80.0,81.0,80.0,79.0,0.36383263698698604,0.2944245647002379,0.34174279831277615,0.3664265580958347,0.2875039148136549,0.3460695270905105,Win
13,-11,7,0,0,0,1,0,82.0,81.0,79.0,86.0,82.0,76.0,81.0,83.0,78.0,84.0,79.0,76.0,74.0,72.0,75.0,67.0,74.0,78.0,77.0,74.0,74.0,76.0,0.7630057803468208,0.17341040462427745,0.06358381502890173,0.7434944237918215,0.17843866171003717,0.07806691449814127,Win
0,-18,2,1,0,0,1,0,79.0,76.0,74.0,78.0,74.0,75.0,71.0,76.0,77.0,76.0,77.0,76.0,76.0,74.0,71.0,73.0,75.0,71.0,72.0,70.0,77.0,75.0,0.5895128762022959,0.25131864722308406,0.1591684765746199,0.5942947702060223,0.25356576862123614,0.1521394611727417,Win
0,0,5,3,0,0,1,0,79.0,76.0,79.0,83.0,70.0,78.0,80.0,78.0,81.0,80.0,73.0,77.0,72.0,73.0,74.0,78.0,79.0,77.0,76.0,68.0,75.0,79.0,0.661129263749351,0.2198674687757657,0.11900326747488318,0.658505872881531,0.21251780442994858,0.12897632268852052,Win
-12,-17,3,2,0,0,1,0,77.0,76.0,74.0,74.0,73.0,73.0,73.0,76.0,70.0,75.0,74.0,71.0,76.0,76.0,75.0,70.0,74.0,75.0,70.0,73.0,73.0,75.0,0.44134505158578524,0.28754298815437523,0.2711119602598395,0.40590405904059046,0.2829028290282903,0.31119311193111926,Draw
0,-3,0,0,0,0,1,0,74.0,73.0,70.0,61.0,71.0,71.0,74.0,68.0,71.0,70.0,75.0,80.0,78.0,75.0,72.0,78.0,79.0,80.0,78.0,74.0,80.0,78.0,0.20076481835564056,0.25430210325047803,0.5449330783938815,0.2134831460674157,0.2528089887640449,0.5337078651685393,Draw
3,1,1,1,0,0,1,0,77.0,79.0,75.0,84.0,81.0,76.0,82.0,80.0,82.0,80.0,82.0,82.0,75.0,83.0,79.0,81.0,83.0,85.0,89.0,78.0,89.0,86.0,0.28851430811446493,0.29753038024304196,0.4139553116424932,0.2911392405063291,0.2911392405063291,0.4177215189873418,Lose
-1,2,0,1,0,0,1,0,75.0,73.0,70.0,73.0,74.0,73.0,71.0,71.0,77.0,70.0,76.0,71.0,71.0,70.0,71.0,71.0,59.0,73.0,65.0,72.0,74.0,65.0,0.5454545454545455,0.27272727272727276,0.18181818181818185,0.5182926829268292,0.274390243902439,0.20731707317073167,Draw
-2,0,0,0,0,0,1,0,77.0,78.0,76.0,75.0,51.0,78.0,78.0,78.0,79.0,66.0,82.0,79.0,60.0,68.0,74.0,71.0,71.0,74.0,79.0,75.0,75.0,69.0,0.6086603675149267,0.25482580719958264,0.1365138252854907,0.5968281006026351,0.253248680525983,0.14992321887138194,Win
0,0,0,0,0,0,1,0,74.0,73.0,71.0,71.0,70.0,74.0,70.0,72.0,72.0,60.0,74.0,72.0,75.0,70.0,77.0,72.0,66.0,75.0,74.0,72.0,69.0,79.0,0.2714007782101167,0.306420233463035,0.42217898832684825,0.28242517267843437,0.30007674597083656,0.41749808135072913,Lose
0,5,0,1,0,0,1,0,63.0,70.0,70.0,74.0,60.0,74.0,71.0,74.0,69.0,70.0,76.0,79.0,79.0,83.0,87.0,82.0,83.0,87.0,87.0,76.0,92.0,85.0,0.09506790564689065,0.1901358112937813,0.7147962830593281,0.10873681363267514,0.18122802272112523,0.7100351636461996,Lose
-5,0,0,0,0,0,1,0,71.0,66.0,69.0,75.0,75.0,79.0,72.0,68.0,76.0,78.0,73.0,76.0,78.0,75.0,72.0,65.0,76.0,79.0,74.0,83.0,79.0,75.0,0.41395531164249316,0.2885143081144649,0.2975303802430419,0.3971865949524204,0.29168390566818375,0.311129499379396,Win
0,0,0,0,0,0,1,0,69.0,73.0,70.0,72.0,69.0,64.0,68.0,70.0,70.0,73.0,65.0,65.0,70.0,78.0,78.0,76.0,81.0,79.0,80.0,82.0,83.0,80.0,0.27982899339292655,0.29731830547998445,0.42285270112708895,0.28851430811446493,0.29753038024304196,0.4139553116424932,Lose
-3,0,0,0,0,0,1,0,69.0,56.0,66.0,76.0,73.0,76.0,75.0,76.0,73.0,70.0,72.0,73.0,72.0,78.0,72.0,76.0,73.0,74.0,73.0,73.0,73.0,74.0,0.4545454545454546,0.27272727272727276,0.27272727272727276,0.44365361803084225,0.2740213523131673,0.28232502965599054,Lose
-6,-7,3,2,0,0,1,0,77.0,76.0,74.0,73.0,74.0,77.0,76.0,72.0,70.0,75.0,71.0,71.0,73.0,72.0,74.0,70.0,74.0,73.0,73.0,73.0,74.0,74.0,0.4532775453277545,0.2928870292887029,0.25383542538354253,0.44134505158578524,0.28754298815437523,0.2711119602598395,Draw
2,27,3,10,0,0,1,0,80.0,80.0,76.0,79.0,79.0,77.0,79.0,81.0,79.0,80.0,79.0,83.0,78.0,85.0,83.0,84.0,85.0,86.0,83.0,94.0,90.0,90.0,0.1109874826147427,0.17969401947148816,0.7093184979137691,0.1067013117639663,0.19655504798625373,0.69674364024978,Draw
21,9,7,6,0,0,1,0,82.0,81.0,82.0,75.0,83.0,87.0,77.0,87.0,87.0,86.0,93.0,76.0,80.0,79.0,74.0,81.0,82.0,72.0,73.0,81.0,77.0,79.0,0.7151598592626587,0.17293865687624294,0.11190148386109836,0.6840882694541232,0.19586527293844366,0.12004645760743322,Win
8,-7,5,3,0,0,1,0,79.0,71.0,75.0,80.0,73.0,79.0,81.0,77.0,77.0,71.0,79.0,75.0,70.0,63.0,72.0,72.0,73.0,74.0,70.0,77.0,69.0,71.0,0.5696460056964601,0.2718025227180252,0.15855147158551472,0.5930489774315686,0.24502286699146386,0.1619281555769674,Lose
-6,-10,3,4,0,0,1,0,78.0,76.0,82.0,81.0,78.0,78.0,80.0,78.0,75.0,80.0,80.0,76.0,78.0,77.0,73.0,76.0,77.0,74.0,77.0,80.0,82.0,74.0,0.41257367387033406,0.27111984282907664,0.3163064833005894,0.3974976925443544,0.2747410521997744,0.3277612552558712,Lose
-13,-7,0,3,0,0,1,0,76.0,74.0,75.0,75.0,74.0,77.0,78.0,76.0,75.0,74.0,79.0,73.0,72.0,71.0,75.0,72.0,76.0,75.0,75.0,77.0,76.0,78.0,0.4992827177367116,0.28047940908150565,0.2202378731817827,0.5117329137305876,0.27543271533146335,0.21283437093794896,Win
-16,14,1,7,0,0,1,0,76.0,76.0,74.0,71.0,73.0,71.0,75.0,70.0,73.0,77.0,75.0,82.0,79.0,80.0,66.0,82.0,77.0,74.0,83.0,76.0,84.0,79.0,0.11214953271028037,0.26479750778816197,0.6230529595015576,0.12875536480686695,0.24892703862660942,0.6223175965665235,Win
2,1,3,3,0,0,1,0,77.0,78.0,73.0,76.0,76.0,73.0,77.0,74.0,68.0,74.0,79.0,79.0,76.0,74.0,78.0,74.0,75.0,76.0,80.0,77.0,72.0,76.0,0.36559577063847093,0.3066287108580724,0.3277755185034567,0.351250665247472,0.3102714209686003,0.33847791378392755,Lose
-15,1,2,5,0,0,1,0,71.0,76.0,75.0,73.0,70.0,76.0,77.0,74.0,73.0,75.0,75.0,79.0,76.0,77.0,83.0,79.0,81.0,78.0,80.0,73.0,70.0,82.0,0.3067869752844252,0.27971753628874063,0.41349548842683403,0.28289473684210525,0.28289473684210525,0.43421052631578944,Win
-8,-4,3,1,0,0,1,0,69.0,71.0,74.0,74.0,73.0,76.0,73.0,69.0,73.0,70.0,75.0,70.0,56.0,70.0,76.0,77.0,80.0,74.0,73.0,73.0,76.0,73.0,0.44155844155844154,0.2792207792207792,0.2792207792207792,0.4569015166058744,0.26761374544058353,0.2754847379535419,Draw
-4,-6,1,3,0,0,1,0,70.0,56.0,70.0,73.0,77.0,80.0,78.0,76.0,73.0,72.0,74.0,77.0,69.0,73.0,73.0,74.0,74.0,77.0,72.0,76.0,76.0,75.0,0.49799419006778256,0.2642135841748513,0.23779222575736617,0.49799419006778256,0.2642135841748513,0.23779222575736617,Win
-11,2,1,3,0,0,1,0,71.0,73.0,72.0,73.0,70.0,74.0,73.0,73.0,69.0,74.0,74.0,79.0,76.0,79.0,80.0,70.0,79.0,78.0,81.0,77.0,80.0,75.0,0.30778515389257693,0.3180446590223295,0.3741701870850936,0.3125,0.3125,0.375,Lose
21,21,9,7,1,0,1,0,83.0,84.0,85.0,83.0,84.0,85.0,86.0,88.0,94.0,90.0,90.0,82.0,82.0,84.0,87.0,83.0,87.0,77.0,87.0,87.0,86.0,93.0,0.6118665018541408,0.21347342398022248,0.1746600741656366,0.5964499519258584,0.21626476316942211,0.18728528490471957,Lose
3,5,5,4,0,1,1,0,77.0,77.0,79.0,74.0,81.0,82.0,72.0,79.0,81.0,81.0,79.0,79.0,78.0,75.0,80.0,73.0,77.0,76.0,79.0,71.0,81.0,75.0,0.5883926183471516,0.23829901043059643,0.17330837122225196,0.5830841520717642,0.23921401110636484,0.177701836821871,Lose
-6,-6,4,3,0,0,1,0,75.0,70.0,65.0,72.0,69.0,73.0,74.0,70.0,69.0,77.0,71.0,82.0,75.0,82.0,80.0,78.0,80.0,78.0,78.0,82.0,79.0,80.0,0.39999205971097346,0.2929172621883437,0.30709067810068286,0.3971865949524204,0.29168390566818375,0.311129499379396,Win
-6,-7,5,1,0,1,1,0,76.0,78.0,77.0,73.0,76.0,76.0,77.0,71.0,80.0,82.0,78.0,76.0,74.0,75.0,77.0,75.0,77.0,78.0,74.0,75.0,76.0,79.0,0.5467625899280576,0.2517985611510791,0.20143884892086333,0.5502504696305573,0.25281778334376953,0.19693174702567312,Draw
-7,-12,3,2,1,0,1,0,73.0,72.0,71.0,75.0,72.0,76.0,75.0,77.0,75.0,76.0,78.0,76.0,76.0,71.0,74.0,73.0,75.0,73.0,72.0,70.0,77.0,75.0,0.4532775453277545,0.2928870292887029,0.25383542538354253,0.44651162790697674,0.2930232558139535,0.26046511627906976,Draw
10,2,6,3,1,0,1,0,82.0,81.0,63.0,66.0,82.0,76.0,79.0,81.0,83.0,79.0,84.0,77.0,72.0,73.0,76.0,78.0,77.0,74.0,74.0,70.0,68.0,79.0,0.6833748934692718,0.2209526214450301,0.09567248508569805,0.6844089246137731,0.2149644659294992,0.10062660945672773,Win
3,-14,4,3,0,1,1,0,79.0,76.0,74.0,78.0,74.0,75.0,76.0,80.0,77.0,76.0,72.0,71.0,76.0,76.0,75.0,73.0,70.0,76.0,77.0,73.0,75.0,75.0,0.5171723641021535,0.28140260987911303,0.2014250260187335,0.5206391478029294,0.2756324900133155,0.20372836218375498,Draw
2,-4,5,3,0,1,1,0,79.0,80.0,77.0,79.0,79.0,80.0,80.0,78.0,81.0,73.0,82.0,77.0,71.0,74.0,74.0,73.0,76.0,73.0,74.0,72.0,69.0,75.0,0.661129263749351,0.2198674687757657,0.11900326747488318,0.6292239571195526,0.23281286413423444,0.137963178746213,Draw
22,-9,8,1,1,0,1,0,80.0,82.0,84.0,75.0,78.0,87.0,77.0,84.0,77.0,93.0,78.0,71.0,73.0,74.0,73.0,73.0,73.0,74.0,73.0,73.0,69.0,71.0,0.8025682182985554,0.12520064205457465,0.07223113964686999,0.7968258853010353,0.12859121183478775,0.07458290286417689,Win
6,19,5,8,0,1,1,0,79.0,71.0,75.0,76.0,77.0,77.0,79.0,77.0,81.0,71.0,75.0,83.0,84.0,85.0,83.0,78.0,83.0,86.0,79.0,94.0,73.0,90.0,0.1566003616636528,0.21699819168173598,0.6264014466546112,0.16230399200349846,0.21553070531642404,0.6221653026800774,Win
-7,1,3,4,0,1,1,0,82.0,75.0,82.0,81.0,78.0,80.0,82.0,80.0,78.0,80.0,75.0,77.0,80.0,79.0,77.0,73.0,81.0,82.0,72.0,79.0,80.0,72.0,0.42834645669291344,0.2771653543307087,0.29448818897637796,0.4146341463414634,0.27439024390243905,0.31097560975609756,Win
-7,-2,1,5,1,0,1,0,67.0,74.0,72.0,77.0,75.0,74.0,78.0,77.0,74.0,79.0,75.0,75.0,70.0,68.0,72.0,69.0,73.0,65.0,70.0,77.0,69.0,76.0,0.4564841498559078,0.28357348703170027,0.25994236311239194,0.4436536180308422,0.2823250296559905,0.27402135231316727,Lose
-11,-7,2,4,0,1,1,0,76.0,71.0,74.0,72.0,73.0,73.0,75.0,72.0,70.0,77.0,75.0,69.0,76.0,77.0,73.0,71.0,77.0,76.0,78.0,80.0,82.0,74.0,0.3028768233387358,0.28889789303079416,0.40822528363047,0.316154403394391,0.28697092000413954,0.3968746766014695,Lose
-2,-8,3,2,1,0,1,0,77.0,72.0,74.0,73.0,78.0,79.0,77.0,74.0,69.0,79.0,75.0,73.0,72.0,75.0,71.0,72.0,76.0,75.0,72.0,75.0,74.0,78.0,0.45925577013659924,0.2896844088553933,0.25105982100800756,0.4776622646810903,0.27395335768474294,0.2483843776341669,Win
-12,14,3,7,0,1,1,0,71.0,76.0,76.0,75.0,70.0,77.0,73.0,76.0,73.0,75.0,75.0,82.0,81.0,86.0,68.0,82.0,83.0,81.0,79.0,78.0,79.0,84.0,0.23576330921906882,0.30421072157299206,0.46002596920793926,0.21493073280642155,0.28201517365206225,0.5030540935415163,Lose
-5,4,2,4,0,0,1,0,77.0,76.0,74.0,74.0,73.0,76.0,73.0,69.0,73.0,70.0,75.0,79.0,76.0,74.0,78.0,68.0,75.0,76.0,80.0,77.0,74.0,72.0,0.41395531164249316,0.2975303802430419,0.2885143081144649,0.40639082343301924,0.3015157722244981,0.29209340434248254,Draw
8,-1,5,2,1,0,1,0,79.0,80.0,76.0,77.0,70.0,81.0,78.0,78.0,81.0,80.0,76.0,70.0,56.0,76.0,70.0,75.0,76.0,80.0,78.0,72.0,73.0,74.0,0.6106870229007634,0.233587786259542,0.15572519083969466,0.5959637003927942,0.23391575240417176,0.17012054720303402,Win
-2,3,2,4,0,1,1,0,70.0,56.0,76.0,70.0,77.0,76.0,73.0,80.0,72.0,73.0,74.0,79.0,79.0,79.0,80.0,70.0,69.0,79.0,79.0,79.0,78.0,75.0,0.3658536585365854,0.2882483370288249,0.34589800443458985,0.3595658073270013,0.28765264586160105,0.35278154681139756,Win
-9,20,2,8,0,1,1,0,77.0,76.0,69.0,73.0,74.0,78.0,76.0,74.0,77.0,71.0,75.0,82.0,82.0,82.0,84.0,83.0,84.0,87.0,87.0,87.0,86.0,93.0,0.10052600818234952,0.1591661796220534,0.7403078121955972,0.1034381428151631,0.16926241551572144,0.7272994416691155,Lose
-12,6,1,5,0,1,1,0,71.0,73.0,74.0,74.0,73.0,73.0,74.0,73.0,74.0,71.0,74.0,79.0,72.0,75.0,80.0,74.0,79.0,76.0,77.0,75.0,73.0,81.0,0.3532608695652174,0.29347826086956524,0.3532608695652174,0.3670872875169465,0.2925226822400667,0.34039003024298675,Win
17,-6,7,4,0,0,1,0,83.0,78.0,85.0,83.0,84.0,85.0,86.0,88.0,94.0,90.0,90.0,82.0,75.0,82.0,81.0,78.0,82.0,80.0,79.0,75.0,80.0,78.0,0.8377135348226018,0.10611038107752954,0.05617608409986859,0.8206811653672549,0.11694706606483381,0.062371768567911365,Lose
0,-9,4,1,0,0,1,0,77.0,80.0,80.0,74.0,73.0,72.0,81.0,79.0,81.0,82.0,80.0,68.0,74.0,77.0,72.0,75.0,76.0,78.0,77.0,74.0,75.0,79.0,0.6175562417291575,0.22496691662990734,0.15747684164093514,0.6222222222222222,0.2222222222222222,0.15555555555555556,Draw
1,-14,6,1,0,1,1,0,75.0,70.0,68.0,73.0,69.0,73.0,68.0,74.0,70.0,77.0,76.0,76.0,76.0,74.0,72.0,73.0,70.0,75.0,71.0,77.0,72.0,75.0,0.48908296943231444,0.2724890829694323,0.23842794759825325,0.49168474331164136,0.274765003615329,0.23355025307302965,Draw
-5,-1,5,4,0,0,1,0,70.0,76.0,77.0,73.0,71.0,76.0,77.0,80.0,77.0,74.0,82.0,77.0,72.0,74.0,73.0,78.0,76.0,77.0,79.0,74.0,70.0,79.0,0.5981356809943034,0.22786121180735366,0.1740031071983428,0.5959637003927942,0.23391575240417176,0.17012054720303402,Draw
-7,-14,2,3,0,0,1,0,73.0,72.0,71.0,75.0,72.0,76.0,75.0,72.0,77.0,78.0,76.0,71.0,76.0,76.0,73.0,70.0,76.0,77.0,73.0,74.0,78.0,75.0,0.3907637655417407,0.29011249259917116,0.31912374185908826,0.3956834532374101,0.2877697841726619,0.31654676258992803,Win
17,-4,8,2,1,0,1,0,82.0,81.0,86.0,81.0,68.0,76.0,83.0,81.0,78.0,84.0,79.0,77.0,76.0,74.0,74.0,73.0,73.0,75.0,76.0,69.0,72.0,73.0,0.7784120394395433,0.15827711468604044,0.06331084587441618,0.7450110864745012,0.17738359201773835,0.07760532150776053,Win
3,6,3,5,0,0,1,0,79.0,74.0,74.0,78.0,70.0,75.0,76.0,80.0,77.0,72.0,76.0,79.0,76.0,79.0,80.0,79.0,81.0,78.0,71.0,81.0,80.0,71.0,0.41401273885350315,0.2929936305732484,0.2929936305732484,0.39008264462809916,0.29256198347107437,0.3173553719008264,Lose
23,1,8,3,0,1,1,0,82.0,80.0,82.0,87.0,83.0,87.0,77.0,87.0,77.0,86.0,93.0,80.0,79.0,79.0,75.0,76.0,79.0,79.0,81.0,79.0,75.0,79.0,0.7780921584478578,0.13561034761519808,0.08629749393694423,0.7799547852298417,0.1386586284853052,0.08138658628485304,Win
-4,-9,5,2,0,0,1,0,82.0,75.0,82.0,81.0,78.0,82.0,80.0,80.0,78.0,80.0,75.0,71.0,73.0,74.0,74.0,70.0,74.0,73.0,73.0,73.0,74.0,74.0,0.5902192242833053,0.22765598650927488,0.1821247892074199,0.5830841520717642,0.23921401110636484,0.177701836821871,Win
-9,14,1,6,0,0,1,0,68.0,74.0,77.0,75.0,74.0,74.0,78.0,77.0,74.0,72.0,79.0,83.0,84.0,80.0,83.0,84.0,85.0,86.0,88.0,94.0,90.0,90.0,0.07304347826086957,0.13565217391304346,0.7913043478260869,0.08911113608270592,0.14394875828744802,0.766940105629846,Lose
-12,-2,1,3,0,1,1,0,76.0,76.0,74.0,72.0,73.0,77.0,75.0,73.0,77.0,72.0,75.0,77.0,80.0,79.0,80.0,73.0,77.0,82.0,72.0,82.0,81.0,80.0,0.3067869752844252,0.27971753628874063,0.41349548842683403,0.29158356601515756,0.2744315915436777,0.43398484244116475,Win
0,0,4,5,0,1,1,0,77.0,72.0,73.0,74.0,71.0,76.0,77.0,79.0,74.0,73.0,79.0,68.0,70.0,72.0,73.0,72.0,70.0,68.0,65.0,70.0,70.0,71.0,0.4545454545454546,0.27272727272727276,0.27272727272727276,0.44134505158578524,0.28754298815437523,0.2711119602598395,Win
-9,-5,3,5,0,0,1,0,71.0,76.0,76.0,73.0,70.0,76.0,77.0,73.0,74.0,75.0,75.0,76.0,76.0,77.0,73.0,71.0,76.0,74.0,80.0,77.0,82.0,78.0,0.39768618944323936,0.28681610026512416,0.31549771029163654,0.38866154306817047,0.28855175167182356,0.32278670526000597,Draw
-6,-4,2,3,1,0,1,0,77.0,74.0,74.0,74.0,73.0,73.0,76.0,69.0,73.0,70.0,75.0,73.0,72.0,77.0,75.0,71.0,76.0,75.0,75.0,78.0,76.0,77.0,0.4830216088614491,0.26911203922280735,0.24786635191574358,0.4984802431610942,0.2741641337386018,0.22735562310030397,Win
6,18,5,8,0,1,1,0,79.0,80.0,76.0,77.0,79.0,80.0,80.0,78.0,81.0,80.0,71.0,82.0,81.0,86.0,81.0,82.0,72.0,79.0,83.0,76.0,84.0,79.0,0.23741007194244607,0.2877697841726619,0.47482014388489213,0.24821002386634847,0.2863961813842482,0.46539379474940334,Lose
-1,-1,2,3,1,0,1,0,79.0,76.0,74.0,78.0,70.0,75.0,76.0,80.0,77.0,76.0,72.0,70.0,56.0,73.0,76.0,77.0,76.0,78.0,80.0,73.0,73.0,74.0,0.5171140113272592,0.2551095789214479,0.22777640975129276,0.510925955038516,0.24933186605879581,0.2397421789026883,Draw
-3,24,2,8,0,1,1,0,70.0,56.0,76.0,70.0,77.0,72.0,80.0,73.0,76.0,72.0,73.0,82.0,80.0,82.0,84.0,83.0,84.0,87.0,78.0,87.0,86.0,78.0,0.11190148386109836,0.17293865687624294,0.7151598592626587,0.12061648425284788,0.18695555059191424,0.6924279651552379,Lose
-2,0,3,4,1,0,1,0,80.0,79.0,79.0,80.0,76.0,79.0,78.0,81.0,77.0,79.0,80.0,79.0,72.0,72.0,80.0,74.0,79.0,75.0,76.0,73.0,81.0,75.0,0.5533013648100332,0.2552563629656953,0.1914422722242715,0.5198776758409787,0.25993883792048933,0.22018348623853212,Draw
-14,-1,1,5,0,0,1,0,77.0,59.0,69.0,73.0,76.0,76.0,72.0,77.0,76.0,78.0,75.0,82.0,75.0,82.0,81.0,78.0,82.0,80.0,79.0,78.0,80.0,80.0,0.29753038024304196,0.28851430811446493,0.4139553116424932,0.3014616321559074,0.28319123020706455,0.41534713763702796,Draw
-15,-17,1,1,0,1,1,0,71.0,73.0,72.0,74.0,70.0,73.0,73.0,73.0,71.0,74.0,74.0,68.0,74.0,75.0,77.0,74.0,74.0,77.0,78.0,76.0,72.0,79.0,0.42285270112708895,0.29731830547998445,0.27982899339292655,0.4247787610619469,0.2831858407079646,0.2920353982300885,Draw
-3,0,3,4,0,0,1,0,77.0,77.0,74.0,80.0,73.0,82.0,79.0,79.0,81.0,82.0,79.0,77.0,73.0,76.0,74.0,78.0,77.0,76.0,79.0,74.0,70.0,79.0,0.6340391980175715,0.2196440639783735,0.14631673800405498,0.6418691631412705,0.2149446389272153,0.1431861979315142,Win
1,-4,5,3,0,1,1,0,68.0,74.0,68.0,73.0,69.0,73.0,68.0,74.0,77.0,70.0,71.0,70.0,76.0,76.0,75.0,73.0,73.0,77.0,74.0,75.0,70.0,75.0,0.42307692307692313,0.2884615384615385,0.2884615384615385,0.4247957712638154,0.2940893801057184,0.2811148486304661,Win
0,1,5,3,1,0,1,0,70.0,78.0,77.0,73.0,71.0,74.0,77.0,78.0,80.0,82.0,74.0,77.0,76.0,74.0,73.0,74.0,73.0,75.0,69.0,73.0,75.0,72.0,0.6217557060086298,0.21969658895916944,0.15854770503220061,0.6106870229007634,0.233587786259542,0.15572519083969466,Win
-6,5,3,5,0,1,1,0,73.0,72.0,71.0,75.0,72.0,72.0,75.0,72.0,77.0,78.0,74.0,79.0,76.0,80.0,77.0,79.0,80.0,81.0,76.0,81.0,80.0,71.0,0.27982899339292655,0.29731830547998445,0.42285270112708895,0.2875816993464052,0.2875816993464052,0.4248366013071895,Draw
18,0,8,2,0,1,1,0,82.0,81.0,80.0,70.0,82.0,76.0,81.0,83.0,78.0,79.0,84.0,79.0,76.0,74.0,78.0,74.0,71.0,80.0,76.0,74.0,76.0,72.0,0.7210277923439958,0.19179339276350293,0.08717881489250133,0.7155667144906744,0.19583931133428983,0.08859397417503588,Win
-3,25,3,9,0,1,1,0,79.0,72.0,72.0,76.0,74.0,76.0,79.0,75.0,77.0,76.0,73.0,82.0,80.0,82.0,87.0,77.0,87.0,79.0,87.0,66.0,87.0,78.0,0.19069369112189552,0.2383671139023694,0.5709391949757351,0.19069369112189552,0.2383671139023694,0.5709391949757351,Lose
-2,-3,4,2,0,1,1,0,82.0,75.0,80.0,82.0,78.0,82.0,80.0,80.0,78.0,81.0,75.0,80.0,76.0,81.0,75.0,70.0,77.0,79.0,65.0,77.0,80.0,75.0,0.43220338983050843,0.288135593220339,0.2796610169491525,0.44155844155844154,0.2792207792207792,0.2792207792207792,Lose
-16,-16,1,0,0,0,1,0,68.0,74.0,75.0,77.0,75.0,74.0,77.0,78.0,76.0,75.0,79.0,77.0,59.0,69.0,73.0,76.0,76.0,72.0,78.0,77.0,76.0,75.0,0.41395531164249316,0.2885143081144649,0.2975303802430419,0.4247957712638154,0.2811148486304661,0.2940893801057184,Lose
-10,-14,2,1,0,0,1,0,76.0,76.0,74.0,72.0,73.0,75.0,73.0,72.0,77.0,77.0,75.0,71.0,73.0,72.0,74.0,73.0,74.0,73.0,70.0,73.0,74.0,71.0,0.5884729329383249,0.2477780770266631,0.16374899003501214,0.5854612684547574,0.24959138286755447,0.16494734867768818,Win
-2,17,4,6,0,1,1,0,77.0,76.0,74.0,73.0,78.0,77.0,76.0,74.0,79.0,74.0,79.0,83.0,84.0,83.0,85.0,84.0,88.0,86.0,85.0,94.0,90.0,90.0,0.04562584118438762,0.10646029609690444,0.8479138627187081,0.05008944543828264,0.10017889087656529,0.849731663685152,Lose
-7,-3,3,3,0,1,1,0,71.0,67.0,76.0,75.0,70.0,76.0,73.0,77.0,74.0,78.0,75.0,77.0,77.0,77.0,74.0,58.0,67.0,72.0,80.0,81.0,60.0,80.0,0.41002004008016035,0.28577154308617236,0.30420841683366734,0.4041204437400951,0.2793185419968304,0.3165610142630745,Win
1,7,3,6,0,1,1,0,77.0,76.0,74.0,74.0,73.0,73.0,76.0,69.0,73.0,72.0,75.0,68.0,74.0,72.0,73.0,72.0,73.0,70.0,70.0,77.0,72.0,76.0,0.5925155925155925,0.24948024948024947,0.15800415800415799,0.5883926183471516,0.23829901043059643,0.17330837122225196,Win
7,0,5,5,1,0,1,0,79.0,80.0,76.0,77.0,79.0,80.0,80.0,78.0,81.0,80.0,82.0,76.0,78.0,77.0,73.0,76.0,74.0,77.0,80.0,77.0,82.0,78.0,0.5151610291323099,0.2647355288596593,0.22010344200803078,0.5130354598038394,0.26364322239919524,0.22332131779696537,Win
-1,-9,2,2,1,0,1,0,79.0,76.0,74.0,74.0,70.0,75.0,80.0,71.0,77.0,76.0,72.0,73.0,72.0,71.0,75.0,72.0,72.0,75.0,72.0,77.0,74.0,78.0,0.4317656129529684,0.2968388589051658,0.27139552814186585,0.44155844155844154,0.2792207792207792,0.2792207792207792,Win
19,-4,9,2,1,0,1,0,82.0,81.0,81.0,72.0,79.0,74.0,81.0,74.0,79.0,77.0,78.0,70.0,56.0,76.0,70.0,77.0,71.0,73.0,73.0,73.0,72.0,74.0,0.7147962830593281,0.1901358112937813,0.09506790564689065,0.7468414216554493,0.1662533947337348,0.08690518361081592,Win
-5,-5,2,2,0,0,1,0,79.0,76.0,75.0,77.0,72.0,77.0,73.0,77.0,75.0,79.0,81.0,70.0,56.0,73.0,70.0,77.0,71.0,79.0,73.0,76.0,72.0,73.0,0.2717731541152642,0.2642238998342847,0.46400294605045117,0.28767123287671237,0.2671232876712329,0.4452054794520548,Win
27,-1,10,4,0,0,1,0,80.0,80.0,82.0,87.0,83.0,87.0,79.0,87.0,78.0,86.0,93.0,82.0,75.0,82.0,81.0,78.0,80.0,75.0,82.0,79.0,78.0,80.0,0.7879656160458453,0.12607449856733524,0.08595988538681948,0.7777777777777777,0.1333333333333333,0.08888888888888886,Win
-1,-17,3,1,1,0,1,0,75.0,79.0,80.0,75.0,77.0,77.0,81.0,79.0,77.0,77.0,78.0,68.0,74.0,75.0,77.0,74.0,74.0,78.0,74.0,76.0,79.0,75.0,0.3875,0.30625,0.30625,0.3884711779448622,0.3007518796992481,0.3107769423558897,Lose
-13,-6,1,3,1,0,1,0,77.0,69.0,73.0,73.0,76.0,76.0,72.0,78.0,77.0,76.0,75.0,76.0,76.0,74.0,72.0,73.0,73.0,75.0,72.0,77.0,77.0,75.0,0.45434298440979953,0.2650334075723831,0.2806236080178174,0.43398484244116475,0.2744315915436777,0.29158356601515756,Draw
-15,-4,1,4,1,0,1,0,75.0,73.0,72.0,74.0,70.0,74.0,65.0,73.0,73.0,70.0,74.0,77.0,74.0,77.0,73.0,78.0,76.0,74.0,75.0,79.0,70.0,79.0,0.45434298440979953,0.2650334075723831,0.2806236080178174,0.43398484244116475,0.2744315915436777,0.29158356601515756,Draw
17,-7,6,3,0,0,1,0,82.0,84.0,85.0,83.0,84.0,85.0,86.0,88.0,94.0,90.0,90.0,71.0,76.0,75.0,70.0,73.0,77.0,77.0,76.0,74.0,75.0,78.0,0.920350710399831,0.05630380816563672,0.0233454814345323,0.9207710410272423,0.04863559857733639,0.030593360395421276,Win
-4,1,3,3,0,1,1,0,78.0,77.0,77.0,74.0,73.0,81.0,72.0,60.0,72.0,82.0,80.0,77.0,76.0,74.0,74.0,73.0,73.0,76.0,72.0,73.0,69.0,75.0,0.3311067603362892,0.2542899919382701,0.4146032477254405,0.34528497409326425,0.27419689119170987,0.3805181347150259,Lose
7,9,6,6,0,0,1,0,68.0,70.0,73.0,72.0,69.0,68.0,70.0,74.0,71.0,77.0,71.0,79.0,80.0,76.0,80.0,79.0,75.0,80.0,76.0,81.0,80.0,82.0,0.23779222575736617,0.2642135841748513,0.49799419006778256,0.23354148082069584,0.26690454950936665,0.4995539696699376,Draw
-2,1,4,3,0,1,1,0,70.0,76.0,78.0,73.0,71.0,77.0,74.0,80.0,77.0,82.0,78.0,79.0,74.0,73.0,78.0,70.0,76.0,80.0,76.0,77.0,72.0,76.0,0.6363636363636365,0.2272727272727273,0.13636363636363638,0.6227217496962333,0.22782503037667073,0.14945321992709598,Win
-8,19,2,9,0,1,1,0,73.0,72.0,71.0,75.0,72.0,75.0,72.0,76.0,77.0,72.0,74.0,82.0,81.0,81.0,81.0,82.0,83.0,81.0,79.0,77.0,77.0,79.0,0.05623648161499639,0.14708002883922133,0.7966834895457823,0.06442630820931348,0.16985117618819012,0.7657225156024964,Win
-3,-4,3,3,0,1,1,0,74.0,75.0,76.0,80.0,78.0,82.0,78.0,79.0,80.0,75.0,80.0,79.0,72.0,76.0,75.0,77.0,79.0,77.0,77.0,73.0,75.0,60.0,0.4901960784313726,0.2549019607843137,0.2549019607843137,0.4885133350937418,0.2574597306575125,0.2540269342487457,Lose
-12,26,2,10,0,1,1,0,73.0,67.0,75.0,77.0,75.0,74.0,78.0,74.0,76.0,79.0,75.0,82.0,82.0,84.0,87.0,83.0,87.0,79.0,87.0,87.0,86.0,93.0,0.07330330796707563,0.11911787544649789,0.8075788165864264,0.08095485210171251,0.14322781525687597,0.7758173326414116,Lose
-7,-12,3,1,0,1,1,0,70.0,73.0,76.0,76.0,78.0,79.0,77.0,76.0,74.0,75.0,79.0,77.0,73.0,73.0,76.0,74.0,72.0,74.0,78.0,77.0,76.0,71.0,0.19022379269729095,0.2502944640753828,0.5594817432273262,0.20340050377833752,0.24622166246851382,0.5503778337531485,Win
-9,-14,3,1,0,0,1,0,71.0,76.0,76.0,75.0,70.0,73.0,74.0,77.0,76.0,75.0,75.0,75.0,75.0,72.0,74.0,70.0,73.0,74.0,73.0,73.0,71.0,74.0,0.47707736389684813,0.26504297994269344,0.2578796561604584,0.46646341463414637,0.25914634146341464,0.27439024390243905,Win
2,21,3,6,0,1,1,0,77.0,76.0,74.0,74.0,74.0,73.0,76.0,73.0,75.0,72.0,75.0,82.0,84.0,83.0,85.0,84.0,85.0,86.0,88.0,94.0,90.0,90.0,0.03644618971652964,0.08614553932997915,0.8774082709534912,0.0445945945945946,0.10405405405405405,0.8513513513513513,Lose
1,6,3,5,0,0,1,0,79.0,74.0,74.0,78.0,70.0,75.0,76.0,80.0,77.0,72.0,76.0,68.0,70.0,73.0,70.0,69.0,73.0,74.0,70.0,77.0,70.0,71.0,0.5319148936170214,0.25531914893617025,0.21276595744680854,0.5122702571735143,0.253366100169603,0.2343636426568828,Win
15,-1,8,5,1,0,1,0,82.0,81.0,81.0,86.0,82.0,79.0,81.0,79.0,83.0,79.0,84.0,76.0,76.0,78.0,73.0,71.0,77.0,74.0,80.0,77.0,82.0,74.0,0.5389221556886228,0.251497005988024,0.20958083832335334,0.5115940521992305,0.2600603098679422,0.2283456379328273,Win
-2,-5,2,3,0,1,1,0,72.0,56.0,76.0,77.0,75.0,79.0,73.0,73.0,71.0,76.0,74.0,73.0,74.0,75.0,71.0,72.0,75.0,75.0,71.0,74.0,72.0,74.0,0.7137192704203014,0.18080888183980967,0.10547184773988898,0.7023538344722855,0.19665907365223995,0.10098709187547457,Win
-3,3,0,1,0,0,1,0,73.0,74.0,75.0,72.0,78.0,78.0,80.0,77.0,80.0,79.0,78.0,74.0,75.0,69.0,73.0,72.0,76.0,76.0,77.0,74.0,79.0,76.0,0.5275084060230983,0.25320403489108717,0.21928755908581452,0.5259666413949963,0.2601402577710387,0.21389310083396518,Lose
2,0,2,0,0,0,1,0,82.0,83.0,76.0,83.0,76.0,83.0,85.0,69.0,71.0,93.0,86.0,74.0,70.0,61.0,70.0,71.0,71.0,64.0,74.0,71.0,75.0,68.0,0.8889797169570326,0.07852654166453787,0.03249374137842947,0.8748457803912771,0.08915095095415872,0.036003268654564095,Win
2,2,1,1,0,0,1,0,71.0,71.0,70.0,71.0,71.0,73.0,59.0,65.0,72.0,74.0,65.0,77.0,79.0,75.0,84.0,81.0,82.0,80.0,82.0,78.0,83.0,82.0,0.1365138252854907,0.25482580719958264,0.6086603675149267,0.14198345125314787,0.2590238637726346,0.5989926849742175,Lose
-2,-1,0,0,0,0,1,0,79.0,73.0,68.0,74.0,71.0,72.0,74.0,63.0,75.0,75.0,69.0,75.0,73.0,70.0,73.0,74.0,71.0,73.0,77.0,72.0,71.0,76.0,0.36559577063847093,0.3066287108580724,0.3277755185034567,0.35917421529386984,0.3012428902464715,0.3395828944596588,Win
2,0,1,1,0,0,1,0,72.0,75.0,70.0,77.0,72.0,66.0,79.0,75.0,72.0,69.0,79.0,77.0,78.0,76.0,80.0,77.0,78.0,77.0,53.0,60.0,66.0,74.0,0.4751131221719457,0.27149321266968324,0.25339366515837103,0.4658527279664251,0.28233498664631823,0.25181228538725675,Win
11,-2,2,0,0,0,1,0,79.0,79.0,83.0,81.0,82.0,87.0,85.0,83.0,72.0,85.0,92.0,74.0,73.0,71.0,75.0,70.0,72.0,70.0,70.0,72.0,60.0,74.0,0.8997369999538595,0.06358141466340607,0.03668158538273428,0.8978447662962888,0.07389953076438685,0.028255702939324383,Win
-1,-6,0,0,0,0,1,0,76.0,65.0,72.0,78.0,75.0,77.0,79.0,83.0,79.0,74.0,78.0,63.0,59.0,70.0,73.0,68.0,76.0,74.0,71.0,69.0,71.0,70.0,0.4788732394366197,0.28169014084507044,0.23943661971830985,0.46883068978236814,0.30247141276281814,0.22869789745481375,Lose
1,-4,1,1,0,0,1,0,65.0,76.0,78.0,78.0,75.0,81.0,79.0,76.0,82.0,80.0,80.0,71.0,67.0,69.0,75.0,75.0,79.0,68.0,66.0,76.0,73.0,78.0,0.6340391980175715,0.2196440639783735,0.14631673800405498,0.6397415185783523,0.21809369951534735,0.1421647819063005,Draw
2,-1,1,0,0,0,1,0,73.0,72.0,78.0,72.0,76.0,73.0,74.0,73.0,73.0,73.0,74.0,67.0,73.0,70.0,72.0,69.0,70.0,71.0,64.0,62.0,65.0,63.0,0.46524924066464185,0.30766482043952115,0.22708593889583706,0.4564841498559078,0.28357348703170027,0.25994236311239194,Lose
0,-4,0,0,0,0,1,0,75.0,73.0,72.0,71.0,73.0,69.0,71.0,74.0,71.0,76.0,76.0,74.0,80.0,74.0,77.0,81.0,79.0,82.0,81.0,71.0,79.0,80.0,0.288135593220339,0.2796610169491525,0.43220338983050843,0.2796610169491525,0.288135593220339,0.43220338983050843,Win
4,5,2,3,0,0,1,0,76.0,78.0,73.0,77.0,76.0,77.0,77.0,79.0,79.0,78.0,82.0,82.0,84.0,83.0,85.0,83.0,78.0,86.0,88.0,94.0,90.0,88.0,0.1475409836065574,0.21311475409836067,0.639344262295082,0.15874177029992684,0.22677395757132407,0.6144842721287491,Win
-3,0,0,1,0,0,1,0,75.0,77.0,74.0,73.0,73.0,75.0,72.0,76.0,71.0,78.0,76.0,71.0,73.0,72.0,73.0,70.0,71.0,74.0,72.0,73.0,74.0,72.0,0.39999205971097346,0.30709067810068286,0.2929172621883437,0.37302423603793466,0.3108535300316122,0.3161222339304531,Draw
4,-1,2,1,0,0,1,0,81.0,81.0,85.0,81.0,78.0,78.0,80.0,76.0,79.0,79.0,83.0,77.0,76.0,74.0,76.0,70.0,72.0,74.0,78.0,76.0,74.0,71.0,0.7630057803468208,0.17341040462427745,0.06358381502890173,0.7613365155131265,0.1730310262529833,0.06563245823389022,Win
-2,4,0,2,0,0,1,0,78.0,75.0,78.0,76.0,76.0,75.0,76.0,74.0,73.0,71.0,75.0,76.0,76.0,79.0,73.0,76.0,78.0,78.0,78.0,78.0,78.0,75.0,0.36319612590799033,0.28945630640545894,0.34734756768655073,0.35359116022099446,0.292817679558011,0.35359116022099446,Lose
-2,12,1,3,0,0,1,0,79.0,80.0,77.0,83.0,79.0,80.0,80.0,78.0,81.0,73.0,82.0,79.0,81.0,84.0,82.0,83.0,84.0,78.0,87.0,87.0,93.0,86.0,0.1821247892074199,0.22765598650927488,0.5902192242833053,0.17304141387496702,0.23212872592983383,0.5948298601951991,Lose
-3,-2,0,0,0,0,1,0,77.0,76.0,75.0,74.0,73.0,75.0,74.0,70.0,73.0,73.0,75.0,70.0,66.0,75.0,80.0,78.0,79.0,77.0,82.0,75.0,79.0,76.0,0.39616613418530355,0.30670926517571884,0.2971246006389776,0.3815583602795452,0.30155418796286637,0.3168874517575884,Lose
-5,1,1,1,0,0,1,0,70.0,73.0,76.0,74.0,71.0,77.0,76.0,74.0,75.0,73.0,78.0,67.0,73.0,80.0,81.0,80.0,78.0,80.0,79.0,79.0,75.0,73.0,0.2929936305732484,0.2929936305732484,0.41401273885350315,0.3068856351404828,0.2882865057380293,0.4048278591214879,Win
-4,1,1,1,0,0,1,0,75.0,73.0,76.0,72.0,76.0,79.0,75.0,77.0,72.0,74.0,79.0,76.0,74.0,75.0,77.0,76.0,76.0,73.0,75.0,74.0,74.0,74.0,0.42307692307692313,0.2884615384615385,0.2884615384615385,0.41354540790148797,0.30015392508978966,0.2863006670087225,Lose
-6,-5,0,0,0,0,1,0,74.0,80.0,77.0,74.0,81.0,82.0,79.0,81.0,79.0,79.0,79.0,75.0,75.0,77.0,71.0,76.0,78.0,80.0,72.0,71.0,73.0,73.0,0.6627466613514053,0.20091688259916285,0.13633645604943193,0.6340391980175715,0.2196440639783735,0.14631673800405498,Win
2,2,3,1,0,0,1,0,82.0,85.0,80.0,78.0,79.0,84.0,86.0,83.0,94.0,90.0,88.0,75.0,72.0,73.0,73.0,71.0,69.0,71.0,74.0,71.0,76.0,76.0,0.8774082709534912,0.08614553932997915,0.03644618971652964,0.8720772772411302,0.08265775932111583,0.0452649634377539,Win
0,7,1,3,0,0,1,0,71.0,73.0,72.0,73.0,70.0,76.0,74.0,73.0,74.0,72.0,71.0,76.0,76.0,77.0,73.0,71.0,79.0,77.0,77.0,79.0,71.0,82.0,0.25430995165556874,0.2804889172671714,0.4652011310772599,0.2671232876712329,0.28767123287671237,0.4452054794520548,Draw
-3,-3,1,0,0,0,1,0,77.0,76.0,74.0,76.0,64.0,72.0,74.0,78.0,76.0,74.0,71.0,75.0,77.0,74.0,75.0,73.0,75.0,75.0,72.0,71.0,76.0,76.0,0.48657187993680884,0.287519747235387,0.22590837282780407,0.47904191616766467,0.2874251497005988,0.23353293413173648,Win
5,6,3,3,0,0,1,0,76.0,79.0,73.0,80.0,77.0,78.0,79.0,81.0,77.0,78.0,79.0,81.0,78.0,78.0,85.0,82.0,79.0,80.0,81.0,76.0,83.0,84.0,0.3277755185034567,0.3066287108580724,0.36559577063847093,0.3277755185034567,0.3066287108580724,0.36559577063847093,Win
13,-3,4,0,0,0,1,0,79.0,81.0,82.0,75.0,83.0,87.0,87.0,78.0,84.0,93.0,86.0,78.0,75.0,76.0,78.0,75.0,76.0,75.0,74.0,73.0,64.0,78.0,0.8592119798698906,0.09537252976555788,0.045415490364551364,0.8434243026688354,0.10892222423037531,0.0476534731007892,Draw
1,-3,1,1,0,0,1,0,79.0,66.0,75.0,80.0,78.0,77.0,79.0,82.0,79.0,75.0,76.0,79.0,80.0,77.0,83.0,79.0,80.0,80.0,78.0,81.0,73.0,82.0,0.39215686274509803,0.29411764705882354,0.3137254901960784,0.3739565943238731,0.2921535893155259,0.333889816360601,Draw
0,-6,1,0,0,0,1,0,67.0,73.0,82.0,76.0,76.0,81.0,82.0,79.0,73.0,81.0,80.0,77.0,76.0,74.0,75.0,73.0,75.0,75.0,74.0,70.0,75.0,73.0,0.6598240469208211,0.21260997067448678,0.12756598240469208,0.643819671016857,0.2200584556824361,0.1361218733007069,Win
2,-4,2,2,0,0,1,0,76.0,74.0,72.0,77.0,76.0,77.0,75.0,73.0,76.0,78.0,73.0,70.0,66.0,76.0,74.0,71.0,75.0,77.0,76.0,73.0,78.0,75.0,0.4552980132450331,0.2897350993377484,0.25496688741721857,0.4452054794520548,0.28767123287671237,0.2671232876712329,Win
0,-5,1,1,0,0,1,0,70.0,74.0,71.0,76.0,72.0,75.0,74.0,76.0,68.0,76.0,68.0,75.0,72.0,76.0,73.0,71.0,74.0,75.0,74.0,79.0,75.0,79.0,0.41395531164249316,0.2975303802430419,0.2885143081144649,0.40639082343301924,0.3015157722244981,0.29209340434248254,Lose
-5,3,1,4,0,0,1,0,74.0,80.0,77.0,74.0,81.0,82.0,79.0,79.0,81.0,81.0,79.0,83.0,78.0,85.0,83.0,84.0,84.0,86.0,83.0,73.0,90.0,88.0,0.23779222575736617,0.2642135841748513,0.49799419006778256,0.22673031026252988,0.27207637231503584,0.5011933174224344,Win
7,0,3,2,0,0,1,0,76.0,78.0,77.0,73.0,76.0,77.0,77.0,77.0,79.0,78.0,82.0,77.0,76.0,74.0,76.0,70.0,74.0,72.0,77.0,76.0,74.0,74.0,0.6613756613756613,0.21164021164021163,0.12698412698412698,0.6227217496962333,0.22782503037667073,0.14945321992709598,Draw
-6,6,0,4,0,0,1,0,75.0,75.0,75.0,74.0,73.0,74.0,72.0,77.0,71.0,76.0,70.0,76.0,79.0,73.0,80.0,76.0,78.0,78.0,67.0,79.0,79.0,68.0,0.2202378731817827,0.28047940908150565,0.4992827177367116,0.21572547059803432,0.2711977344661003,0.5130767949358653,Win
5,13,3,4,0,0,1,0,81.0,81.0,78.0,85.0,82.0,79.0,80.0,81.0,77.0,79.0,83.0,79.0,81.0,82.0,87.0,83.0,87.0,77.0,87.0,84.0,86.0,93.0,0.29753038024304196,0.28851430811446493,0.4139553116424932,0.30625,0.30625,0.3875,Draw
-3,1,0,1,0,0,1,0,78.0,75.0,76.0,78.0,75.0,75.0,76.0,73.0,72.0,73.0,75.0,79.0,66.0,75.0,80.0,78.0,79.0,77.0,82.0,79.0,75.0,76.0,0.40177519440735215,0.30845966538370906,0.28976514020893884,0.3884711779448622,0.3007518796992481,0.3107769423558897,Win
-3,1,1,2,0,0,1,0,79.0,80.0,77.0,83.0,79.0,80.0,80.0,74.0,81.0,78.0,82.0,72.0,73.0,76.0,82.0,76.0,80.0,82.0,81.0,80.0,73.0,81.0,0.41395531164249316,0.2885143081144649,0.2975303802430419,0.41749808135072913,0.28242517267843437,0.30007674597083656,Win
-7,5,0,3,0,0,1,0,77.0,76.0,74.0,75.0,73.0,75.0,75.0,73.0,74.0,73.0,75.0,76.0,74.0,75.0,77.0,76.0,75.0,76.0,77.0,73.0,74.0,78.0,0.3648208469055374,0.29641693811074915,0.33876221498371334,0.35984848484848486,0.3118686868686869,0.3282828282828283,Draw
-7,-1,2,1,0,0,1,0,70.0,73.0,76.0,75.0,71.0,77.0,76.0,74.0,75.0,73.0,78.0,70.0,76.0,74.0,76.0,72.0,74.0,75.0,77.0,77.0,68.0,72.0,0.47482014388489213,0.2877697841726619,0.23741007194244607,0.46776611694152925,0.29235382308845576,0.23988005997001502,Lose
-6,-4,0,2,0,0,1,0,75.0,75.0,76.0,71.0,76.0,78.0,80.0,73.0,71.0,72.0,73.0,75.0,73.0,72.0,76.0,71.0,74.0,72.0,75.0,75.0,72.0,79.0,0.4317656129529684,0.27139552814186585,0.2968388589051658,0.44365361803084225,0.2740213523131673,0.28232502965599054,Lose
2,-8,4,0,0,0,1,0,83.0,84.0,85.0,83.0,84.0,78.0,86.0,84.0,72.0,90.0,88.0,75.0,75.0,76.0,70.0,76.0,71.0,80.0,77.0,75.0,72.0,73.0,0.8314855875831485,0.10532150776053213,0.06319290465631928,0.8140108534780464,0.11544153922052293,0.07054760730143067,Win
0,-4,1,2,0,0,1,0,71.0,73.0,74.0,72.0,70.0,71.0,74.0,73.0,74.0,75.0,72.0,75.0,80.0,79.0,74.0,81.0,82.0,79.0,81.0,81.0,79.0,79.0,0.26503340757238314,0.28062360801781744,0.4543429844097996,0.2796610169491525,0.288135593220339,0.43220338983050843,Draw
5,7,4,3,0,0,1,0,76.0,79.0,73.0,80.0,77.0,78.0,79.0,78.0,69.0,78.0,79.0,76.0,78.0,77.0,73.0,76.0,77.0,79.0,77.0,79.0,78.0,82.0,0.4751131221719457,0.27149321266968324,0.25339366515837103,0.4569015166058744,0.2754847379535419,0.26761374544058353,Lose
13,-5,4,1,0,0,1,0,79.0,81.0,82.0,75.0,83.0,78.0,87.0,77.0,87.0,93.0,84.0,75.0,77.0,75.0,74.0,73.0,74.0,75.0,72.0,75.0,71.0,76.0,0.8795411089866157,0.07915869980879542,0.041300191204588915,0.8676127178013293,0.09089276091252022,0.04149452128615053,Win
-1,5,1,3,0,0,1,0,79.0,72.0,75.0,80.0,78.0,76.0,79.0,82.0,79.0,75.0,76.0,81.0,81.0,79.0,85.0,82.0,77.0,81.0,80.0,83.0,84.0,83.0,0.23802612481857766,0.29753265602322204,0.46444121915820036,0.25638617580766343,0.29188580015026305,0.4517280240420737,Lose
-1,-1,2,1,0,0,1,0,72.0,73.0,82.0,80.0,80.0,80.0,80.0,75.0,82.0,80.0,80.0,79.0,75.0,76.0,78.0,74.0,64.0,81.0,74.0,73.0,72.0,75.0,0.5875440658049352,0.25381903642773207,0.15863689776733253,0.5766312594840667,0.25037936267071315,0.17298937784522,Win
5,-1,3,2,0,0,1,0,76.0,74.0,75.0,77.0,75.0,73.0,76.0,75.0,75.0,73.0,78.0,79.0,80.0,77.0,83.0,79.0,80.0,80.0,74.0,81.0,78.0,82.0,0.3527021535960991,0.30719219829337663,0.34010564811052413,0.34716445165871973,0.3236278786649082,0.32920766967637216,Draw
0,-7,2,0,0,0,1,0,70.0,76.0,74.0,76.0,72.0,75.0,73.0,76.0,77.0,70.0,69.0,77.0,76.0,74.0,75.0,73.0,75.0,70.0,76.0,74.0,73.0,75.0,0.4759206798866855,0.29745042492917845,0.22662889518413595,0.45564748893592466,0.2918991725995767,0.25245333846449874,Draw
-2,-8,3,2,0,0,1,0,77.0,73.0,76.0,71.0,72.0,71.0,75.0,79.0,75.0,74.0,79.0,70.0,72.0,76.0,75.0,71.0,77.0,74.0,75.0,73.0,76.0,78.0,0.47482014388489213,0.2877697841726619,0.23741007194244607,0.44651162790697674,0.2930232558139535,0.26046511627906976,Lose
5,0,5,1,0,0,1,0,83.0,84.0,80.0,85.0,84.0,83.0,86.0,84.0,72.0,90.0,88.0,71.0,73.0,73.0,72.0,70.0,71.0,74.0,72.0,74.0,74.0,72.0,0.8551239929789819,0.094918763220667,0.049957243800351055,0.8549206145143664,0.09989072443273124,0.04518866105290222,Win
-4,0,2,2,0,0,1,0,75.0,77.0,79.0,74.0,81.0,82.0,81.0,81.0,81.0,82.0,79.0,77.0,69.0,73.0,75.0,74.0,76.0,74.0,78.0,77.0,76.0,71.0,0.661129263749351,0.2198674687757657,0.11900326747488318,0.643819671016857,0.2200584556824361,0.1361218733007069,Win
1,4,1,4,0,0,1,0,75.0,73.0,72.0,71.0,72.0,71.0,69.0,74.0,67.0,76.0,76.0,76.0,79.0,77.0,80.0,77.0,78.0,78.0,81.0,77.0,70.0,76.0,0.2726406101048618,0.2936129647283127,0.43374642516682554,0.2875816993464052,0.2875816993464052,0.4248366013071895,Draw
8,16,4,5,0,0,1,0,76.0,78.0,77.0,73.0,76.0,77.0,79.0,77.0,80.0,78.0,82.0,79.0,81.0,87.0,82.0,83.0,87.0,77.0,87.0,76.0,93.0,78.0,0.25065616797900264,0.25065616797900264,0.49868766404199477,0.25,0.25,0.5,Lose
-8,-3,1,1,0,0,1,0,75.0,77.0,75.0,75.0,73.0,74.0,75.0,72.0,72.0,71.0,76.0,79.0,72.0,76.0,80.0,71.0,76.0,79.0,82.0,77.0,75.0,76.0,0.3621665319320938,0.2976556184316896,0.34017784963621667,0.34700315457413244,0.3123028391167192,0.34069400630914826,Lose
7,2,4,3,0,0,1,0,81.0,81.0,79.0,85.0,82.0,80.0,81.0,83.0,78.0,84.0,83.0,73.0,73.0,82.0,80.0,80.0,82.0,79.0,77.0,80.0,79.0,75.0,0.6043404859191113,0.24968804286658017,0.14597147121430842,0.6119806990702601,0.24020242438507708,0.14781687654466283,Win
-4,5,1,3,0,0,1,0,79.0,75.0,74.0,78.0,76.0,75.0,76.0,74.0,73.0,72.0,75.0,76.0,74.0,75.0,77.0,75.0,75.0,77.0,76.0,74.0,73.0,78.0,0.4247957712638154,0.2940893801057184,0.2811148486304661,0.3974358974358974,0.30128205128205127,0.30128205128205127,Win
-1,0,2,2,0,0,1,0,79.0,80.0,77.0,83.0,79.0,80.0,81.0,80.0,74.0,78.0,82.0,70.0,76.0,74.0,76.0,73.0,71.0,75.0,73.0,76.0,77.0,72.0,0.6245817532902074,0.23890252063350434,0.13651572607628817,0.6150206978119456,0.23832052040212892,0.1466587817859255,Win
-7,-4,0,3,0,0,1,0,77.0,71.0,74.0,72.0,73.0,76.0,75.0,74.0,70.0,75.0,73.0,77.0,73.0,72.0,76.0,71.0,79.0,75.0,71.0,75.0,72.0,79.0,0.41401273885350315,0.2929936305732484,0.2929936305732484,0.39897698209718674,0.28849104859335045,0.3125319693094629,Draw
-11,-6,0,3,0,0,1,0,75.0,77.0,76.0,70.0,76.0,78.0,80.0,77.0,71.0,75.0,73.0,70.0,72.0,75.0,76.0,71.0,76.0,77.0,74.0,75.0,73.0,78.0,0.42834645669291344,0.2771653543307087,0.29448818897637796,0.42626070409134154,0.27402473834443386,0.29971455756422455,Win
